Year,Region,Product Category,Product,Units Sold,Revenue
2023,Nairobi,Laptops,Product 1,664,68369
2023,Nairobi,Monitors,Product 2,35,398786
2023,Nairobi,Printers,Product 3,291,138393
2023,Nairobi,Tablets,Product 4,238,83158
2023,Nairobi,Keyboards,Product 5,764,63736
2023,Nairobi,Mice,Product 6,702,398323
2023,Nairobi,Networking,Product 7,923,295929
2023,Nairobi,Storage,Product 8,99,319588
2023,Nairobi,Software,Product 9,442,26663
2023,Nairobi,Security,Product 10,40,59123
2023,Nairobi,Accessories,Product 11,233,131981
2023,Nairobi,Servers,Product 12,527,325631
2023,Nairobi,Cameras,Product 13,37,304254
2023,Nairobi,Audio,Product 14,213,385400
2023,Nairobi,Smart Devices,Product 15,675,377696
2023,Nairobi,Laptops,Product 16,568,229949
2023,Nairobi,Monitors,Product 17,235,245514
2023,Nairobi,Printers,Product 18,613,155852
2023,Nairobi,Tablets,Product 19,838,465763
2023,Nairobi,Keyboards,Product 20,16,407833
2023,Nairobi,Mice,Product 21,835,93707
2023,Nairobi,Networking,Product 22,724,231571
2023,Nairobi,Storage,Product 23,358,155684
2023,Nairobi,Software,Product 24,169,122886
2023,Nairobi,Security,Product 25,990,410290
2023,Nairobi,Accessories,Product 26,354,63587
2023,Nairobi,Servers,Product 27,104,209191
2023,Nairobi,Cameras,Product 28,109,198208
2023,Nairobi,Audio,Product 29,877,190331
2023,Nairobi,Smart Devices,Product 30,628,148685
2023,Nairobi,Laptops,Product 31,836,32780
2023,Nairobi,Monitors,Product 32,757,250870
2023,Nairobi,Printers,Product 33,559,75444
2023,Nairobi,Tablets,Product 34,954,208461
2023,Nairobi,Keyboards,Product 35,90,299428
2023,Nairobi,Mice,Product 36,310,444846
2023,Nairobi,Networking,Product 37,653,334282
2023,Nairobi,Storage,Product 38,916,461782
2023,Nairobi,Software,Product 39,380,312698
2023,Nairobi,Security,Product 40,206,379398
2023,Nairobi,Accessories,Product 41,81,34025
2023,Nairobi,Servers,Product 42,687,129484
2023,Nairobi,Cameras,Product 43,801,161722
2023,Nairobi,Audio,Product 44,91,458432
2023,Nairobi,Smart Devices,Product 45,248,464286
2023,Nairobi,Laptops,Product 46,113,209295
2023,Nairobi,Monitors,Product 47,294,247717
2023,Nairobi,Printers,Product 48,660,447314
2023,Nairobi,Tablets,Product 49,383,95277
2023,Nairobi,Keyboards,Product 50,389,196264
2023,Mombasa,Laptops,Product 1,224,361364
2023,Mombasa,Monitors,Product 2,283,377955
2023,Mombasa,Printers,Product 3,969,368375
2023,Mombasa,Tablets,Product 4,673,47435
2023,Mombasa,Keyboards,Product 5,633,342911
2023,Mombasa,Mice,Product 6,185,290043
2023,Mombasa,Networking,Product 7,756,138351
2023,Mombasa,Storage,Product 8,177,252357
2023,Mombasa,Software,Product 9,398,151530
2023,Mombasa,Security,Product 10,957,345544
2023,Mombasa,Accessories,Product 11,714,302002
2023,Mombasa,Servers,Product 12,234,368935
2023,Mombasa,Cameras,Product 13,342,451897
2023,Mombasa,Audio,Product 14,796,416847
2023,Mombasa,Smart Devices,Product 15,67,130087
2023,Mombasa,Laptops,Product 16,851,26829
2023,Mombasa,Monitors,Product 17,834,175388
2023,Mombasa,Printers,Product 18,420,150373
2023,Mombasa,Tablets,Product 19,77,120615
2023,Mombasa,Keyboards,Product 20,945,307365
2023,Mombasa,Mice,Product 21,907,386393
2023,Mombasa,Networking,Product 22,332,121477
2023,Mombasa,Storage,Product 23,681,271740
2023,Mombasa,Software,Product 24,415,473828
2023,Mombasa,Security,Product 25,946,347039
2023,Mombasa,Accessories,Product 26,479,84905
2023,Mombasa,Servers,Product 27,281,83206
2023,Mombasa,Cameras,Product 28,262,400588
2023,Mombasa,Audio,Product 29,584,292579
2023,Mombasa,Smart Devices,Product 30,279,401650
2023,Mombasa,Laptops,Product 31,608,234622
2023,Mombasa,Monitors,Product 32,929,315939
2023,Mombasa,Printers,Product 33,418,199790
2023,Mombasa,Tablets,Product 34,234,82525
2023,Mombasa,Keyboards,Product 35,531,268744
2023,Mombasa,Mice,Product 36,103,406247
2023,Mombasa,Networking,Product 37,58,461465
2023,Mombasa,Storage,Product 38,122,90132
2023,Mombasa,Software,Product 39,652,93876
2023,Mombasa,Security,Product 40,821,366768
2023,Mombasa,Accessories,Product 41,442,322690
2023,Mombasa,Servers,Product 42,75,211728
2023,Mombasa,Cameras,Product 43,400,322417
2023,Mombasa,Audio,Product 44,489,287408
2023,Mombasa,Smart Devices,Product 45,267,300049
2023,Mombasa,Laptops,Product 46,891,16019
2023,Mombasa,Monitors,Product 47,706,387865
2023,Mombasa,Printers,Product 48,127,367412
2023,Mombasa,Tablets,Product 49,916,291527
2023,Mombasa,Keyboards,Product 50,778,149893
2023,Kisumu,Laptops,Product 1,797,346048
2023,Kisumu,Monitors,Product 2,358,68485
2023,Kisumu,Printers,Product 3,310,237942
2023,Kisumu,Tablets,Product 4,171,247881
2023,Kisumu,Keyboards,Product 5,13,388584
2023,Kisumu,Mice,Product 6,906,387319
2023,Kisumu,Networking,Product 7,279,272451
2023,Kisumu,Storage,Product 8,790,103665
2023,Kisumu,Software,Product 9,529,488479
2023,Kisumu,Security,Product 10,118,466402
2023,Kisumu,Accessories,Product 11,650,166471
2023,Kisumu,Servers,Product 12,871,344993
2023,Kisumu,Cameras,Product 13,529,329275
2023,Kisumu,Audio,Product 14,213,90131
2023,Kisumu,Smart Devices,Product 15,392,409775
2023,Kisumu,Laptops,Product 16,175,292789
2023,Kisumu,Monitors,Product 17,986,418224
2023,Kisumu,Printers,Product 18,954,288058
2023,Kisumu,Tablets,Product 19,950,10299
2023,Kisumu,Keyboards,Product 20,623,179951
2023,Kisumu,Mice,Product 21,510,20211
2023,Kisumu,Networking,Product 22,124,497115
2023,Kisumu,Storage,Product 23,381,470703
2023,Kisumu,Software,Product 24,861,432982
2023,Kisumu,Security,Product 25,324,135541
2023,Kisumu,Accessories,Product 26,69,136286
2023,Kisumu,Servers,Product 27,909,307458
2023,Kisumu,Cameras,Product 28,979,51291
2023,Kisumu,Audio,Product 29,97,393730
2023,Kisumu,Smart Devices,Product 30,507,437831
2023,Kisumu,Laptops,Product 31,80,408774
2023,Kisumu,Monitors,Product 32,555,411517
2023,Kisumu,Printers,Product 33,138,77314
2023,Kisumu,Tablets,Product 34,685,259184
2023,Kisumu,Keyboards,Product 35,979,298255
2023,Kisumu,Mice,Product 36,179,148966
2023,Kisumu,Networking,Product 37,550,467406
2023,Kisumu,Storage,Product 38,631,231846
2023,Kisumu,Software,Product 39,997,121043
2023,Kisumu,Security,Product 40,961,292746
2023,Kisumu,Accessories,Product 41,783,392694
2023,Kisumu,Servers,Product 42,716,115461
2023,Kisumu,Cameras,Product 43,740,173429
2023,Kisumu,Audio,Product 44,418,362157
2023,Kisumu,Smart Devices,Product 45,675,205779
2023,Kisumu,Laptops,Product 46,458,481656
2023,Kisumu,Monitors,Product 47,539,246708
2023,Kisumu,Printers,Product 48,133,139973
2023,Kisumu,Tablets,Product 49,240,43568
2023,Kisumu,Keyboards,Product 50,356,21028
2023,Nakuru,Laptops,Product 1,612,300414
2023,Nakuru,Monitors,Product 2,245,318512
2023,Nakuru,Printers,Product 3,235,13770
2023,Nakuru,Tablets,Product 4,82,381112
2023,Nakuru,Keyboards,Product 5,656,40866
2023,Nakuru,Mice,Product 6,244,45337
2023,Nakuru,Networking,Product 7,937,26469
2023,Nakuru,Storage,Product 8,890,183239
2023,Nakuru,Software,Product 9,82,279565
2023,Nakuru,Security,Product 10,253,156002
2023,Nakuru,Accessories,Product 11,695,264496
2023,Nakuru,Servers,Product 12,229,292713
2023,Nakuru,Cameras,Product 13,145,389245
2023,Nakuru,Audio,Product 14,967,472622
2023,Nakuru,Smart Devices,Product 15,594,312100
2023,Nakuru,Laptops,Product 16,494,137400
2023,Nakuru,Monitors,Product 17,813,257974
2023,Nakuru,Printers,Product 18,836,223416
2023,Nakuru,Tablets,Product 19,204,59453
2023,Nakuru,Keyboards,Product 20,109,355496
2023,Nakuru,Mice,Product 21,451,195753
2023,Nakuru,Networking,Product 22,443,225535
2023,Nakuru,Storage,Product 23,488,462899
2023,Nakuru,Software,Product 24,756,38401
2023,Nakuru,Security,Product 25,699,352598
2023,Nakuru,Accessories,Product 26,671,61599
2023,Nakuru,Servers,Product 27,72,221089
2023,Nakuru,Cameras,Product 28,755,187892
2023,Nakuru,Audio,Product 29,829,461764
2023,Nakuru,Smart Devices,Product 30,121,140367
2023,Nakuru,Laptops,Product 31,206,109724
2023,Nakuru,Monitors,Product 32,559,245202
2023,Nakuru,Printers,Product 33,153,231187
2023,Nakuru,Tablets,Product 34,197,156037
2023,Nakuru,Keyboards,Product 35,483,140970
2023,Nakuru,Mice,Product 36,905,494057
2023,Nakuru,Networking,Product 37,87,242328
2023,Nakuru,Storage,Product 38,837,461594
2023,Nakuru,Software,Product 39,886,298528
2023,Nakuru,Security,Product 40,110,36522
2023,Nakuru,Accessories,Product 41,677,293423
2023,Nakuru,Servers,Product 42,866,17737
2023,Nakuru,Cameras,Product 43,105,495683
2023,Nakuru,Audio,Product 44,781,454960
2023,Nakuru,Smart Devices,Product 45,252,97194
2023,Nakuru,Laptops,Product 46,426,264615
2023,Nakuru,Monitors,Product 47,502,122065
2023,Nakuru,Printers,Product 48,895,220260
2023,Nakuru,Tablets,Product 49,934,40741
2023,Nakuru,Keyboards,Product 50,178,208691
2023,Eldoret,Laptops,Product 1,12,214693
2023,Eldoret,Monitors,Product 2,281,495762
2023,Eldoret,Printers,Product 3,812,421633
2023,Eldoret,Tablets,Product 4,475,159552
2023,Eldoret,Keyboards,Product 5,443,375214
2023,Eldoret,Mice,Product 6,990,392995
2023,Eldoret,Networking,Product 7,812,301382
2023,Eldoret,Storage,Product 8,687,386652
2023,Eldoret,Software,Product 9,508,91158
2023,Eldoret,Security,Product 10,204,165560
2023,Eldoret,Accessories,Product 11,232,40662
2023,Eldoret,Servers,Product 12,603,395738
2023,Eldoret,Cameras,Product 13,565,41959
2023,Eldoret,Audio,Product 14,775,174419
2023,Eldoret,Smart Devices,Product 15,68,36289
2023,Eldoret,Laptops,Product 16,608,259974
2023,Eldoret,Monitors,Product 17,524,492023
2023,Eldoret,Printers,Product 18,883,288463
2023,Eldoret,Tablets,Product 19,171,39821
2023,Eldoret,Keyboards,Product 20,993,276248
2023,Eldoret,Mice,Product 21,92,456348
2023,Eldoret,Networking,Product 22,200,45924
2023,Eldoret,Storage,Product 23,619,45631
2023,Eldoret,Software,Product 24,701,461841
2023,Eldoret,Security,Product 25,250,221694
2023,Eldoret,Accessories,Product 26,132,476766
2023,Eldoret,Servers,Product 27,593,139087
2023,Eldoret,Cameras,Product 28,602,321699
2023,Eldoret,Audio,Product 29,50,334734
2023,Eldoret,Smart Devices,Product 30,93,229794
2023,Eldoret,Laptops,Product 31,683,316012
2023,Eldoret,Monitors,Product 32,588,284088
2023,Eldoret,Printers,Product 33,333,146716
2023,Eldoret,Tablets,Product 34,219,361129
2023,Eldoret,Keyboards,Product 35,743,174722
2023,Eldoret,Mice,Product 36,254,149258
2023,Eldoret,Networking,Product 37,415,78617
2023,Eldoret,Storage,Product 38,697,348428
2023,Eldoret,Software,Product 39,317,249717
2023,Eldoret,Security,Product 40,333,497073
2023,Eldoret,Accessories,Product 41,779,48033
2023,Eldoret,Servers,Product 42,19,250273
2023,Eldoret,Cameras,Product 43,646,305170
2023,Eldoret,Audio,Product 44,112,48409
2023,Eldoret,Smart Devices,Product 45,560,121754
2023,Eldoret,Laptops,Product 46,528,149041
2023,Eldoret,Monitors,Product 47,145,499296
2023,Eldoret,Printers,Product 48,367,471826
2023,Eldoret,Tablets,Product 49,80,470990
2023,Eldoret,Keyboards,Product 50,260,203738
2023,Thika,Laptops,Product 1,301,92704
2023,Thika,Monitors,Product 2,458,447122
2023,Thika,Printers,Product 3,566,378857
2023,Thika,Tablets,Product 4,319,330695
2023,Thika,Keyboards,Product 5,836,352871
2023,Thika,Mice,Product 6,551,14101
2023,Thika,Networking,Product 7,693,438397
2023,Thika,Storage,Product 8,577,166960
2023,Thika,Software,Product 9,964,357806
2023,Thika,Security,Product 10,116,470391
2023,Thika,Accessories,Product 11,147,148656
2023,Thika,Servers,Product 12,128,476465
2023,Thika,Cameras,Product 13,119,399240
2023,Thika,Audio,Product 14,576,91499
2023,Thika,Smart Devices,Product 15,288,157721
2023,Thika,Laptops,Product 16,629,120430
2023,Thika,Monitors,Product 17,744,189768
2023,Thika,Printers,Product 18,218,370446
2023,Thika,Tablets,Product 19,659,457171
2023,Thika,Keyboards,Product 20,280,274979
2023,Thika,Mice,Product 21,510,141659
2023,Thika,Networking,Product 22,937,486136
2023,Thika,Storage,Product 23,876,36633
2023,Thika,Software,Product 24,104,342547
2023,Thika,Security,Product 25,443,444817
2023,Thika,Accessories,Product 26,293,33114
2023,Thika,Servers,Product 27,13,184879
2023,Thika,Cameras,Product 28,799,78587
2023,Thika,Audio,Product 29,662,147340
2023,Thika,Smart Devices,Product 30,175,398618
2023,Thika,Laptops,Product 31,462,299239
2023,Thika,Monitors,Product 32,732,234231
2023,Thika,Printers,Product 33,584,15069
2023,Thika,Tablets,Product 34,124,49449
2023,Thika,Keyboards,Product 35,977,473002
2023,Thika,Mice,Product 36,717,483918
2023,Thika,Networking,Product 37,162,296046
2023,Thika,Storage,Product 38,46,447568
2023,Thika,Software,Product 39,388,315402
2023,Thika,Security,Product 40,575,87643
2023,Thika,Accessories,Product 41,450,76818
2023,Thika,Servers,Product 42,52,171616
2023,Thika,Cameras,Product 43,383,481325
2023,Thika,Audio,Product 44,965,427397
2023,Thika,Smart Devices,Product 45,891,30916
2023,Thika,Laptops,Product 46,930,197595
2023,Thika,Monitors,Product 47,225,367599
2023,Thika,Printers,Product 48,265,359665
2023,Thika,Tablets,Product 49,115,195429
2023,Thika,Keyboards,Product 50,808,303540
2023,Meru,Laptops,Product 1,915,468601
2023,Meru,Monitors,Product 2,426,335405
2023,Meru,Printers,Product 3,777,91030
2023,Meru,Tablets,Product 4,957,497525
2023,Meru,Keyboards,Product 5,252,463302
2023,Meru,Mice,Product 6,176,429371
2023,Meru,Networking,Product 7,840,102826
2023,Meru,Storage,Product 8,912,226161
2023,Meru,Software,Product 9,35,104036
2023,Meru,Security,Product 10,764,494697
2023,Meru,Accessories,Product 11,350,420195
2023,Meru,Servers,Product 12,963,225856
2023,Meru,Cameras,Product 13,831,361224
2023,Meru,Audio,Product 14,894,395381
2023,Meru,Smart Devices,Product 15,840,140111
2023,Meru,Laptops,Product 16,283,93465
2023,Meru,Monitors,Product 17,816,377671
2023,Meru,Printers,Product 18,120,210562
2023,Meru,Tablets,Product 19,903,30302
2023,Meru,Keyboards,Product 20,889,256777
2023,Meru,Mice,Product 21,237,114633
2023,Meru,Networking,Product 22,846,491533
2023,Meru,Storage,Product 23,481,193321
2023,Meru,Software,Product 24,322,440197
2023,Meru,Security,Product 25,824,466824
2023,Meru,Accessories,Product 26,243,126876
2023,Meru,Servers,Product 27,34,356047
2023,Meru,Cameras,Product 28,207,218910
2023,Meru,Audio,Product 29,346,156068
2023,Meru,Smart Devices,Product 30,895,46396
2023,Meru,Laptops,Product 31,1000,415445
2023,Meru,Monitors,Product 32,295,194101
2023,Meru,Printers,Product 33,666,277075
2023,Meru,Tablets,Product 34,419,366263
2023,Meru,Keyboards,Product 35,873,291131
2023,Meru,Mice,Product 36,349,24470
2023,Meru,Networking,Product 37,128,469820
2023,Meru,Storage,Product 38,277,103620
2023,Meru,Software,Product 39,604,149180
2023,Meru,Security,Product 40,49,66834
2023,Meru,Accessories,Product 41,620,237836
2023,Meru,Servers,Product 42,363,391967
2023,Meru,Cameras,Product 43,815,174457
2023,Meru,Audio,Product 44,456,327828
2023,Meru,Smart Devices,Product 45,533,70631
2023,Meru,Laptops,Product 46,404,481599
2023,Meru,Monitors,Product 47,600,109656
2023,Meru,Printers,Product 48,270,33271
2023,Meru,Tablets,Product 49,735,238619
2023,Meru,Keyboards,Product 50,11,282587
2023,Nyeri,Laptops,Product 1,957,432843
2023,Nyeri,Monitors,Product 2,561,370110
2023,Nyeri,Printers,Product 3,746,398995
2023,Nyeri,Tablets,Product 4,764,361602
2023,Nyeri,Keyboards,Product 5,211,200956
2023,Nyeri,Mice,Product 6,451,46686
2023,Nyeri,Networking,Product 7,981,358251
2023,Nyeri,Storage,Product 8,952,183119
2023,Nyeri,Software,Product 9,648,174582
2023,Nyeri,Security,Product 10,689,454604
2023,Nyeri,Accessories,Product 11,137,387358
2023,Nyeri,Servers,Product 12,931,167455
2023,Nyeri,Cameras,Product 13,529,172154
2023,Nyeri,Audio,Product 14,692,224115
2023,Nyeri,Smart Devices,Product 15,344,220973
2023,Nyeri,Laptops,Product 16,723,165008
2023,Nyeri,Monitors,Product 17,577,76735
2023,Nyeri,Printers,Product 18,206,230434
2023,Nyeri,Tablets,Product 19,690,208781
2023,Nyeri,Keyboards,Product 20,703,402237
2023,Nyeri,Mice,Product 21,934,101240
2023,Nyeri,Networking,Product 22,640,308375
2023,Nyeri,Storage,Product 23,318,222900
2023,Nyeri,Software,Product 24,571,447112
2023,Nyeri,Security,Product 25,10,169317
2023,Nyeri,Accessories,Product 26,303,120196
2023,Nyeri,Servers,Product 27,450,421963
2023,Nyeri,Cameras,Product 28,603,328065
2023,Nyeri,Audio,Product 29,680,178951
2023,Nyeri,Smart Devices,Product 30,486,241623
2023,Nyeri,Laptops,Product 31,462,364223
2023,Nyeri,Monitors,Product 32,228,278002
2023,Nyeri,Printers,Product 33,494,426145
2023,Nyeri,Tablets,Product 34,932,427346
2023,Nyeri,Keyboards,Product 35,763,98967
2023,Nyeri,Mice,Product 36,684,54457
2023,Nyeri,Networking,Product 37,300,280245
2023,Nyeri,Storage,Product 38,689,341843
2023,Nyeri,Software,Product 39,644,185735
2023,Nyeri,Security,Product 40,105,439089
2023,Nyeri,Accessories,Product 41,984,403812
2023,Nyeri,Servers,Product 42,250,362738
2023,Nyeri,Cameras,Product 43,327,127776
2023,Nyeri,Audio,Product 44,835,114401
2023,Nyeri,Smart Devices,Product 45,160,22805
2023,Nyeri,Laptops,Product 46,57,138368
2023,Nyeri,Monitors,Product 47,496,330483
2023,Nyeri,Printers,Product 48,880,412909
2023,Nyeri,Tablets,Product 49,84,248769
2023,Nyeri,Keyboards,Product 50,434,474590
2023,Machakos,Laptops,Product 1,654,311817
2023,Machakos,Monitors,Product 2,209,386620
2023,Machakos,Printers,Product 3,723,211315
2023,Machakos,Tablets,Product 4,516,219533
2023,Machakos,Keyboards,Product 5,259,87369
2023,Machakos,Mice,Product 6,681,370512
2023,Machakos,Networking,Product 7,15,478010
2023,Machakos,Storage,Product 8,778,461118
2023,Machakos,Software,Product 9,798,474238
2023,Machakos,Security,Product 10,119,418116
2023,Machakos,Accessories,Product 11,445,124735
2023,Machakos,Servers,Product 12,190,431585
2023,Machakos,Cameras,Product 13,990,374858
2023,Machakos,Audio,Product 14,540,253557
2023,Machakos,Smart Devices,Product 15,61,302241
2023,Machakos,Laptops,Product 16,265,491018
2023,Machakos,Monitors,Product 17,878,73626
2023,Machakos,Printers,Product 18,477,79908
2023,Machakos,Tablets,Product 19,830,253606
2023,Machakos,Keyboards,Product 20,693,288466
2023,Machakos,Mice,Product 21,582,322188
2023,Machakos,Networking,Product 22,334,405968
2023,Machakos,Storage,Product 23,922,242035
2023,Machakos,Software,Product 24,637,437298
2023,Machakos,Security,Product 25,746,477675
2023,Machakos,Accessories,Product 26,526,233735
2023,Machakos,Servers,Product 27,860,485453
2023,Machakos,Cameras,Product 28,571,243787
2023,Machakos,Audio,Product 29,928,93444
2023,Machakos,Smart Devices,Product 30,771,461671
2023,Machakos,Laptops,Product 31,496,245966
2023,Machakos,Monitors,Product 32,275,404147
2023,Machakos,Printers,Product 33,263,450330
2023,Machakos,Tablets,Product 34,662,155391
2023,Machakos,Keyboards,Product 35,794,417725
2023,Machakos,Mice,Product 36,543,264068
2023,Machakos,Networking,Product 37,651,135433
2023,Machakos,Storage,Product 38,291,240619
2023,Machakos,Software,Product 39,89,384103
2023,Machakos,Security,Product 40,302,132942
2023,Machakos,Accessories,Product 41,288,186080
2023,Machakos,Servers,Product 42,337,478203
2023,Machakos,Cameras,Product 43,563,52245
2023,Machakos,Audio,Product 44,151,89078
2023,Machakos,Smart Devices,Product 45,246,210820
2023,Machakos,Laptops,Product 46,720,90113
2023,Machakos,Monitors,Product 47,733,122172
2023,Machakos,Printers,Product 48,75,227510
2023,Machakos,Tablets,Product 49,427,183477
2023,Machakos,Keyboards,Product 50,565,254278
2023,Kitale,Laptops,Product 1,435,42645
2023,Kitale,Monitors,Product 2,221,446674
2023,Kitale,Printers,Product 3,440,214198
2023,Kitale,Tablets,Product 4,936,413594
2023,Kitale,Keyboards,Product 5,608,374654
2023,Kitale,Mice,Product 6,30,459174
2023,Kitale,Networking,Product 7,911,411392
2023,Kitale,Storage,Product 8,599,209429
2023,Kitale,Software,Product 9,498,13091
2023,Kitale,Security,Product 10,975,194422
2023,Kitale,Accessories,Product 11,315,405037
2023,Kitale,Servers,Product 12,409,457452
2023,Kitale,Cameras,Product 13,923,448162
2023,Kitale,Audio,Product 14,439,292182
2023,Kitale,Smart Devices,Product 15,775,395159
2023,Kitale,Laptops,Product 16,569,429361
2023,Kitale,Monitors,Product 17,627,480711
2023,Kitale,Printers,Product 18,235,265972
2023,Kitale,Tablets,Product 19,234,153096
2023,Kitale,Keyboards,Product 20,456,264616
2023,Kitale,Mice,Product 21,39,213873
2023,Kitale,Networking,Product 22,354,360682
2023,Kitale,Storage,Product 23,705,428456
2023,Kitale,Software,Product 24,424,389679
2023,Kitale,Security,Product 25,179,450667
2023,Kitale,Accessories,Product 26,488,492104
2023,Kitale,Servers,Product 27,140,336241
2023,Kitale,Cameras,Product 28,556,24138
2023,Kitale,Audio,Product 29,938,216580
2023,Kitale,Smart Devices,Product 30,616,305903
2023,Kitale,Laptops,Product 31,688,24209
2023,Kitale,Monitors,Product 32,95,346985
2023,Kitale,Printers,Product 33,448,81145
2023,Kitale,Tablets,Product 34,897,252062
2023,Kitale,Keyboards,Product 35,196,36363
2023,Kitale,Mice,Product 36,276,208759
2023,Kitale,Networking,Product 37,345,120970
2023,Kitale,Storage,Product 38,475,181361
2023,Kitale,Software,Product 39,355,409103
2023,Kitale,Security,Product 40,910,208771
2023,Kitale,Accessories,Product 41,294,404269
2023,Kitale,Servers,Product 42,984,446167
2023,Kitale,Cameras,Product 43,441,142262
2023,Kitale,Audio,Product 44,864,52942
2023,Kitale,Smart Devices,Product 45,491,20162
2023,Kitale,Laptops,Product 46,777,292810
2023,Kitale,Monitors,Product 47,63,193480
2023,Kitale,Printers,Product 48,239,350862
2023,Kitale,Tablets,Product 49,80,419591
2023,Kitale,Keyboards,Product 50,990,351707
2023,Malindi,Laptops,Product 1,51,405435
2023,Malindi,Monitors,Product 2,41,139647
2023,Malindi,Printers,Product 3,214,449997
2023,Malindi,Tablets,Product 4,30,335758
2023,Malindi,Keyboards,Product 5,166,135066
2023,Malindi,Mice,Product 6,139,258282
2023,Malindi,Networking,Product 7,695,69973
2023,Malindi,Storage,Product 8,587,124276
2023,Malindi,Software,Product 9,486,376721
2023,Malindi,Security,Product 10,272,412075
2023,Malindi,Accessories,Product 11,387,97969
2023,Malindi,Servers,Product 12,630,328372
2023,Malindi,Cameras,Product 13,996,402128
2023,Malindi,Audio,Product 14,745,70048
2023,Malindi,Smart Devices,Product 15,806,439549
2023,Malindi,Laptops,Product 16,177,173073
2023,Malindi,Monitors,Product 17,120,313397
2023,Malindi,Printers,Product 18,36,497004
2023,Malindi,Tablets,Product 19,329,311883
2023,Malindi,Keyboards,Product 20,703,486067
2023,Malindi,Mice,Product 21,991,206768
2023,Malindi,Networking,Product 22,416,384873
2023,Malindi,Storage,Product 23,213,49844
2023,Malindi,Software,Product 24,616,372080
2023,Malindi,Security,Product 25,860,338855
2023,Malindi,Accessories,Product 26,258,63425
2023,Malindi,Servers,Product 27,723,415002
2023,Malindi,Cameras,Product 28,318,455798
2023,Malindi,Audio,Product 29,710,324788
2023,Malindi,Smart Devices,Product 30,834,73467
2023,Malindi,Laptops,Product 31,825,306711
2023,Malindi,Monitors,Product 32,811,31532
2023,Malindi,Printers,Product 33,365,289311
2023,Malindi,Tablets,Product 34,448,356827
2023,Malindi,Keyboards,Product 35,389,46153
2023,Malindi,Mice,Product 36,528,349499
2023,Malindi,Networking,Product 37,359,16633
2023,Malindi,Storage,Product 38,879,230231
2023,Malindi,Software,Product 39,852,267006
2023,Malindi,Security,Product 40,118,237291
2023,Malindi,Accessories,Product 41,993,199890
2023,Malindi,Servers,Product 42,660,477442
2023,Malindi,Cameras,Product 43,858,251035
2023,Malindi,Audio,Product 44,734,90211
2023,Malindi,Smart Devices,Product 45,455,102346
2023,Malindi,Laptops,Product 46,761,283545
2023,Malindi,Monitors,Product 47,998,351027
2023,Malindi,Printers,Product 48,286,332915
2023,Malindi,Tablets,Product 49,837,492144
2023,Malindi,Keyboards,Product 50,561,416135
2023,Garissa,Laptops,Product 1,505,253727
2023,Garissa,Monitors,Product 2,456,442922
2023,Garissa,Printers,Product 3,758,320627
2023,Garissa,Tablets,Product 4,284,178980
2023,Garissa,Keyboards,Product 5,882,138710
2023,Garissa,Mice,Product 6,860,55436
2023,Garissa,Networking,Product 7,295,472228
2023,Garissa,Storage,Product 8,471,137854
2023,Garissa,Software,Product 9,778,253641
2023,Garissa,Security,Product 10,593,329989
2023,Garissa,Accessories,Product 11,694,208699
2023,Garissa,Servers,Product 12,354,25047
2023,Garissa,Cameras,Product 13,516,456144
2023,Garissa,Audio,Product 14,342,105336
2023,Garissa,Smart Devices,Product 15,509,121211
2023,Garissa,Laptops,Product 16,373,428293
2023,Garissa,Monitors,Product 17,274,188435
2023,Garissa,Printers,Product 18,296,471541
2023,Garissa,Tablets,Product 19,620,377622
2023,Garissa,Keyboards,Product 20,911,154844
2023,Garissa,Mice,Product 21,579,15322
2023,Garissa,Networking,Product 22,539,110168
2023,Garissa,Storage,Product 23,97,136540
2023,Garissa,Software,Product 24,747,223085
2023,Garissa,Security,Product 25,510,301072
2023,Garissa,Accessories,Product 26,786,135998
2023,Garissa,Servers,Product 27,717,259609
2023,Garissa,Cameras,Product 28,671,383210
2023,Garissa,Audio,Product 29,512,244972
2023,Garissa,Smart Devices,Product 30,821,19040
2023,Garissa,Laptops,Product 31,105,164264
2023,Garissa,Monitors,Product 32,236,222022
2023,Garissa,Printers,Product 33,718,137561
2023,Garissa,Tablets,Product 34,323,358106
2023,Garissa,Keyboards,Product 35,605,203472
2023,Garissa,Mice,Product 36,494,300179
2023,Garissa,Networking,Product 37,553,190227
2023,Garissa,Storage,Product 38,445,401084
2023,Garissa,Software,Product 39,573,183429
2023,Garissa,Security,Product 40,370,378498
2023,Garissa,Accessories,Product 41,474,152038
2023,Garissa,Servers,Product 42,323,141807
2023,Garissa,Cameras,Product 43,246,73258
2023,Garissa,Audio,Product 44,748,110969
2023,Garissa,Smart Devices,Product 45,333,72681
2023,Garissa,Laptops,Product 46,770,290947
2023,Garissa,Monitors,Product 47,983,409606
2023,Garissa,Printers,Product 48,716,107071
2023,Garissa,Tablets,Product 49,206,123447
2023,Garissa,Keyboards,Product 50,766,263859
2023,Kericho,Laptops,Product 1,293,389891
2023,Kericho,Monitors,Product 2,613,408567
2023,Kericho,Printers,Product 3,547,322890
2023,Kericho,Tablets,Product 4,299,62704
2023,Kericho,Keyboards,Product 5,862,111773
2023,Kericho,Mice,Product 6,313,129266
2023,Kericho,Networking,Product 7,379,104079
2023,Kericho,Storage,Product 8,319,17417
2023,Kericho,Software,Product 9,735,290040
2023,Kericho,Security,Product 10,139,153818
2023,Kericho,Accessories,Product 11,56,38587
2023,Kericho,Servers,Product 12,576,163163
2023,Kericho,Cameras,Product 13,724,76206
2023,Kericho,Audio,Product 14,663,465323
2023,Kericho,Smart Devices,Product 15,780,267361
2023,Kericho,Laptops,Product 16,115,467556
2023,Kericho,Monitors,Product 17,22,310974
2023,Kericho,Printers,Product 18,301,256099
2023,Kericho,Tablets,Product 19,500,240932
2023,Kericho,Keyboards,Product 20,358,106659
2023,Kericho,Mice,Product 21,998,36936
2023,Kericho,Networking,Product 22,268,461791
2023,Kericho,Storage,Product 23,499,69814
2023,Kericho,Software,Product 24,851,44258
2023,Kericho,Security,Product 25,420,267816
2023,Kericho,Accessories,Product 26,85,312525
2023,Kericho,Servers,Product 27,654,369898
2023,Kericho,Cameras,Product 28,64,89548
2023,Kericho,Audio,Product 29,162,435272
2023,Kericho,Smart Devices,Product 30,586,169297
2023,Kericho,Laptops,Product 31,97,140123
2023,Kericho,Monitors,Product 32,131,302590
2023,Kericho,Printers,Product 33,792,228195
2023,Kericho,Tablets,Product 34,630,322542
2023,Kericho,Keyboards,Product 35,819,334229
2023,Kericho,Mice,Product 36,241,416686
2023,Kericho,Networking,Product 37,545,209427
2023,Kericho,Storage,Product 38,471,486317
2023,Kericho,Software,Product 39,463,165898
2023,Kericho,Security,Product 40,890,318556
2023,Kericho,Accessories,Product 41,449,170107
2023,Kericho,Servers,Product 42,592,335597
2023,Kericho,Cameras,Product 43,71,329622
2023,Kericho,Audio,Product 44,993,398019
2023,Kericho,Smart Devices,Product 45,111,409893
2023,Kericho,Laptops,Product 46,222,337950
2023,Kericho,Monitors,Product 47,226,148750
2023,Kericho,Printers,Product 48,686,52565
2023,Kericho,Tablets,Product 49,170,135758
2023,Kericho,Keyboards,Product 50,187,299402
2023,Embu,Laptops,Product 1,86,92068
2023,Embu,Monitors,Product 2,12,224180
2023,Embu,Printers,Product 3,471,371429
2023,Embu,Tablets,Product 4,618,256369
2023,Embu,Keyboards,Product 5,308,27112
2023,Embu,Mice,Product 6,247,161049
2023,Embu,Networking,Product 7,733,158225
2023,Embu,Storage,Product 8,729,460681
2023,Embu,Software,Product 9,474,47318
2023,Embu,Security,Product 10,713,132381
2023,Embu,Accessories,Product 11,956,148702
2023,Embu,Servers,Product 12,816,424841
2023,Embu,Cameras,Product 13,650,319219
2023,Embu,Audio,Product 14,687,431478
2023,Embu,Smart Devices,Product 15,966,113714
2023,Embu,Laptops,Product 16,445,70175
2023,Embu,Monitors,Product 17,567,127864
2023,Embu,Printers,Product 18,673,88113
2023,Embu,Tablets,Product 19,940,149267
2023,Embu,Keyboards,Product 20,856,84572
2023,Embu,Mice,Product 21,83,41267
2023,Embu,Networking,Product 22,179,425565
2023,Embu,Storage,Product 23,324,321974
2023,Embu,Software,Product 24,776,442139
2023,Embu,Security,Product 25,592,492970
2023,Embu,Accessories,Product 26,305,240242
2023,Embu,Servers,Product 27,137,255732
2023,Embu,Cameras,Product 28,715,169431
2023,Embu,Audio,Product 29,726,221030
2023,Embu,Smart Devices,Product 30,975,152735
2023,Embu,Laptops,Product 31,522,293105
2023,Embu,Monitors,Product 32,515,239511
2023,Embu,Printers,Product 33,92,323543
2023,Embu,Tablets,Product 34,50,476313
2023,Embu,Keyboards,Product 35,452,395107
2023,Embu,Mice,Product 36,340,326519
2023,Embu,Networking,Product 37,266,23560
2023,Embu,Storage,Product 38,103,130022
2023,Embu,Software,Product 39,994,363526
2023,Embu,Security,Product 40,866,461158
2023,Embu,Accessories,Product 41,599,317821
2023,Embu,Servers,Product 42,983,20876
2023,Embu,Cameras,Product 43,793,362469
2023,Embu,Audio,Product 44,851,151301
2023,Embu,Smart Devices,Product 45,600,31092
2023,Embu,Laptops,Product 46,791,406502
2023,Embu,Monitors,Product 47,189,256677
2023,Embu,Printers,Product 48,541,351578
2023,Embu,Tablets,Product 49,462,490285
2023,Embu,Keyboards,Product 50,294,105152
2024,Nairobi,Laptops,Product 1,609,238529
2024,Nairobi,Monitors,Product 2,660,436898
2024,Nairobi,Printers,Product 3,513,57837
2024,Nairobi,Tablets,Product 4,491,192431
2024,Nairobi,Keyboards,Product 5,428,184749
2024,Nairobi,Mice,Product 6,338,361342
2024,Nairobi,Networking,Product 7,117,459699
2024,Nairobi,Storage,Product 8,174,182912
2024,Nairobi,Software,Product 9,431,373684
2024,Nairobi,Security,Product 10,517,161109
2024,Nairobi,Accessories,Product 11,688,219952
2024,Nairobi,Servers,Product 12,843,408720
2024,Nairobi,Cameras,Product 13,573,29239
2024,Nairobi,Audio,Product 14,475,56168
2024,Nairobi,Smart Devices,Product 15,332,142329
2024,Nairobi,Laptops,Product 16,341,70776
2024,Nairobi,Monitors,Product 17,801,221904
2024,Nairobi,Printers,Product 18,895,279796
2024,Nairobi,Tablets,Product 19,854,10603
2024,Nairobi,Keyboards,Product 20,683,465798
2024,Nairobi,Mice,Product 21,565,252208
2024,Nairobi,Networking,Product 22,433,38418
2024,Nairobi,Storage,Product 23,202,281811
2024,Nairobi,Software,Product 24,380,336439
2024,Nairobi,Security,Product 25,784,271353
2024,Nairobi,Accessories,Product 26,650,241756
2024,Nairobi,Servers,Product 27,788,37059
2024,Nairobi,Cameras,Product 28,218,150014
2024,Nairobi,Audio,Product 29,572,78688
2024,Nairobi,Smart Devices,Product 30,959,161010
2024,Nairobi,Laptops,Product 31,458,471817
2024,Nairobi,Monitors,Product 32,725,264128
2024,Nairobi,Printers,Product 33,134,25135
2024,Nairobi,Tablets,Product 34,655,329224
2024,Nairobi,Keyboards,Product 35,828,135460
2024,Nairobi,Mice,Product 36,736,93035
2024,Nairobi,Networking,Product 37,328,298798
2024,Nairobi,Storage,Product 38,24,299538
2024,Nairobi,Software,Product 39,427,58868
2024,Nairobi,Security,Product 40,240,451138
2024,Nairobi,Accessories,Product 41,944,69486
2024,Nairobi,Servers,Product 42,482,71586
2024,Nairobi,Cameras,Product 43,673,446282
2024,Nairobi,Audio,Product 44,167,271292
2024,Nairobi,Smart Devices,Product 45,965,385706
2024,Nairobi,Laptops,Product 46,308,276795
2024,Nairobi,Monitors,Product 47,732,153353
2024,Nairobi,Printers,Product 48,435,447635
2024,Nairobi,Tablets,Product 49,504,257579
2024,Nairobi,Keyboards,Product 50,259,249487
2024,Mombasa,Laptops,Product 1,574,85834
2024,Mombasa,Monitors,Product 2,402,109934
2024,Mombasa,Printers,Product 3,953,324246
2024,Mombasa,Tablets,Product 4,530,401272
2024,Mombasa,Keyboards,Product 5,910,81569
2024,Mombasa,Mice,Product 6,894,46600
2024,Mombasa,Networking,Product 7,292,415104
2024,Mombasa,Storage,Product 8,818,457958
2024,Mombasa,Software,Product 9,434,188192
2024,Mombasa,Security,Product 10,966,422990
2024,Mombasa,Accessories,Product 11,529,150075
2024,Mombasa,Servers,Product 12,850,11344
2024,Mombasa,Cameras,Product 13,299,390659
2024,Mombasa,Audio,Product 14,315,449078
2024,Mombasa,Smart Devices,Product 15,611,314046
2024,Mombasa,Laptops,Product 16,685,266712
2024,Mombasa,Monitors,Product 17,896,87906
2024,Mombasa,Printers,Product 18,467,292371
2024,Mombasa,Tablets,Product 19,505,190944
2024,Mombasa,Keyboards,Product 20,350,299363
2024,Mombasa,Mice,Product 21,791,294913
2024,Mombasa,Networking,Product 22,396,248731
2024,Mombasa,Storage,Product 23,965,178704
2024,Mombasa,Software,Product 24,900,108908
2024,Mombasa,Security,Product 25,724,135202
2024,Mombasa,Accessories,Product 26,595,210787
2024,Mombasa,Servers,Product 27,249,458797
2024,Mombasa,Cameras,Product 28,804,225364
2024,Mombasa,Audio,Product 29,54,176816
2024,Mombasa,Smart Devices,Product 30,772,257975
2024,Mombasa,Laptops,Product 31,732,488900
2024,Mombasa,Monitors,Product 32,840,209874
2024,Mombasa,Printers,Product 33,405,357964
2024,Mombasa,Tablets,Product 34,821,440308
2024,Mombasa,Keyboards,Product 35,677,89746
2024,Mombasa,Mice,Product 36,517,29408
2024,Mombasa,Networking,Product 37,139,273345
2024,Mombasa,Storage,Product 38,998,319424
2024,Mombasa,Software,Product 39,349,465973
2024,Mombasa,Security,Product 40,112,468327
2024,Mombasa,Accessories,Product 41,875,240847
2024,Mombasa,Servers,Product 42,112,285749
2024,Mombasa,Cameras,Product 43,942,249561
2024,Mombasa,Audio,Product 44,25,388768
2024,Mombasa,Smart Devices,Product 45,157,224946
2024,Mombasa,Laptops,Product 46,901,353293
2024,Mombasa,Monitors,Product 47,168,49231
2024,Mombasa,Printers,Product 48,490,419744
2024,Mombasa,Tablets,Product 49,281,187503
2024,Mombasa,Keyboards,Product 50,648,373176
2024,Kisumu,Laptops,Product 1,417,350701
2024,Kisumu,Monitors,Product 2,92,456570
2024,Kisumu,Printers,Product 3,346,456872
2024,Kisumu,Tablets,Product 4,700,460542
2024,Kisumu,Keyboards,Product 5,556,209234
2024,Kisumu,Mice,Product 6,987,176021
2024,Kisumu,Networking,Product 7,651,386814
2024,Kisumu,Storage,Product 8,918,408145
2024,Kisumu,Software,Product 9,509,467379
2024,Kisumu,Security,Product 10,564,28821
2024,Kisumu,Accessories,Product 11,642,45872
2024,Kisumu,Servers,Product 12,250,340910
2024,Kisumu,Cameras,Product 13,710,492832
2024,Kisumu,Audio,Product 14,304,129268
2024,Kisumu,Smart Devices,Product 15,774,57384
2024,Kisumu,Laptops,Product 16,454,61612
2024,Kisumu,Monitors,Product 17,788,342266
2024,Kisumu,Printers,Product 18,730,467482
2024,Kisumu,Tablets,Product 19,112,242615
2024,Kisumu,Keyboards,Product 20,180,373856
2024,Kisumu,Mice,Product 21,316,483654
2024,Kisumu,Networking,Product 22,39,34112
2024,Kisumu,Storage,Product 23,342,427408
2024,Kisumu,Software,Product 24,67,163809
2024,Kisumu,Security,Product 25,377,206524
2024,Kisumu,Accessories,Product 26,451,86320
2024,Kisumu,Servers,Product 27,260,288484
2024,Kisumu,Cameras,Product 28,431,306709
2024,Kisumu,Audio,Product 29,708,425508
2024,Kisumu,Smart Devices,Product 30,194,99120
2024,Kisumu,Laptops,Product 31,189,51402
2024,Kisumu,Monitors,Product 32,634,466570
2024,Kisumu,Printers,Product 33,401,334906
2024,Kisumu,Tablets,Product 34,709,136264
2024,Kisumu,Keyboards,Product 35,519,488585
2024,Kisumu,Mice,Product 36,607,85034
2024,Kisumu,Networking,Product 37,247,251775
2024,Kisumu,Storage,Product 38,663,143157
2024,Kisumu,Software,Product 39,480,143864
2024,Kisumu,Security,Product 40,692,14926
2024,Kisumu,Accessories,Product 41,930,431859
2024,Kisumu,Servers,Product 42,486,482493
2024,Kisumu,Cameras,Product 43,304,365263
2024,Kisumu,Audio,Product 44,569,92824
2024,Kisumu,Smart Devices,Product 45,85,241593
2024,Kisumu,Laptops,Product 46,977,191175
2024,Kisumu,Monitors,Product 47,611,166842
2024,Kisumu,Printers,Product 48,664,232460
2024,Kisumu,Tablets,Product 49,716,141123
2024,Kisumu,Keyboards,Product 50,477,453182
2024,Nakuru,Laptops,Product 1,319,114447
2024,Nakuru,Monitors,Product 2,403,457393
2024,Nakuru,Printers,Product 3,504,65917
2024,Nakuru,Tablets,Product 4,252,209944
2024,Nakuru,Keyboards,Product 5,595,198197
2024,Nakuru,Mice,Product 6,598,165122
2024,Nakuru,Networking,Product 7,726,164785
2024,Nakuru,Storage,Product 8,32,445178
2024,Nakuru,Software,Product 9,684,217516
2024,Nakuru,Security,Product 10,291,14245
2024,Nakuru,Accessories,Product 11,589,463544
2024,Nakuru,Servers,Product 12,712,418059
2024,Nakuru,Cameras,Product 13,772,35713
2024,Nakuru,Audio,Product 14,942,327931
2024,Nakuru,Smart Devices,Product 15,773,270428
2024,Nakuru,Laptops,Product 16,862,484037
2024,Nakuru,Monitors,Product 17,934,160048
2024,Nakuru,Printers,Product 18,804,428832
2024,Nakuru,Tablets,Product 19,245,328276
2024,Nakuru,Keyboards,Product 20,831,194717
2024,Nakuru,Mice,Product 21,234,343771
2024,Nakuru,Networking,Product 22,204,335525
2024,Nakuru,Storage,Product 23,266,365343
2024,Nakuru,Software,Product 24,783,387974
2024,Nakuru,Security,Product 25,795,355600
2024,Nakuru,Accessories,Product 26,707,449530
2024,Nakuru,Servers,Product 27,150,339382
2024,Nakuru,Cameras,Product 28,109,483643
2024,Nakuru,Audio,Product 29,652,348868
2024,Nakuru,Smart Devices,Product 30,50,171969
2024,Nakuru,Laptops,Product 31,817,241118
2024,Nakuru,Monitors,Product 32,44,313863
2024,Nakuru,Printers,Product 33,383,393967
2024,Nakuru,Tablets,Product 34,144,57255
2024,Nakuru,Keyboards,Product 35,941,164722
2024,Nakuru,Mice,Product 36,344,401895
2024,Nakuru,Networking,Product 37,435,102085
2024,Nakuru,Storage,Product 38,215,79289
2024,Nakuru,Software,Product 39,815,292805
2024,Nakuru,Security,Product 40,907,201814
2024,Nakuru,Accessories,Product 41,553,273084
2024,Nakuru,Servers,Product 42,945,152882
2024,Nakuru,Cameras,Product 43,860,96268
2024,Nakuru,Audio,Product 44,273,489224
2024,Nakuru,Smart Devices,Product 45,854,262627
2024,Nakuru,Laptops,Product 46,1000,432832
2024,Nakuru,Monitors,Product 47,312,401412
2024,Nakuru,Printers,Product 48,901,187584
2024,Nakuru,Tablets,Product 49,833,70382
2024,Nakuru,Keyboards,Product 50,489,49478
2024,Eldoret,Laptops,Product 1,154,405392
2024,Eldoret,Monitors,Product 2,999,128287
2024,Eldoret,Printers,Product 3,890,364588
2024,Eldoret,Tablets,Product 4,751,363583
2024,Eldoret,Keyboards,Product 5,416,453413
2024,Eldoret,Mice,Product 6,833,302192
2024,Eldoret,Networking,Product 7,384,57344
2024,Eldoret,Storage,Product 8,819,216870
2024,Eldoret,Software,Product 9,24,148652
2024,Eldoret,Security,Product 10,559,74796
2024,Eldoret,Accessories,Product 11,475,203245
2024,Eldoret,Servers,Product 12,698,402697
2024,Eldoret,Cameras,Product 13,698,147448
2024,Eldoret,Audio,Product 14,608,209767
2024,Eldoret,Smart Devices,Product 15,852,344783
2024,Eldoret,Laptops,Product 16,972,204759
2024,Eldoret,Monitors,Product 17,120,363808
2024,Eldoret,Printers,Product 18,249,257189
2024,Eldoret,Tablets,Product 19,35,334820
2024,Eldoret,Keyboards,Product 20,915,304339
2024,Eldoret,Mice,Product 21,345,489857
2024,Eldoret,Networking,Product 22,634,126060
2024,Eldoret,Storage,Product 23,673,43143
2024,Eldoret,Software,Product 24,660,441937
2024,Eldoret,Security,Product 25,485,486781
2024,Eldoret,Accessories,Product 26,727,168434
2024,Eldoret,Servers,Product 27,674,224064
2024,Eldoret,Cameras,Product 28,129,83283
2024,Eldoret,Audio,Product 29,56,29509
2024,Eldoret,Smart Devices,Product 30,321,268277
2024,Eldoret,Laptops,Product 31,128,60956
2024,Eldoret,Monitors,Product 32,250,475179
2024,Eldoret,Printers,Product 33,560,81127
2024,Eldoret,Tablets,Product 34,407,247839
2024,Eldoret,Keyboards,Product 35,389,361527
2024,Eldoret,Mice,Product 36,982,399619
2024,Eldoret,Networking,Product 37,723,293216
2024,Eldoret,Storage,Product 38,439,317935
2024,Eldoret,Software,Product 39,770,390947
2024,Eldoret,Security,Product 40,168,474211
2024,Eldoret,Accessories,Product 41,434,353367
2024,Eldoret,Servers,Product 42,111,447095
2024,Eldoret,Cameras,Product 43,511,332779
2024,Eldoret,Audio,Product 44,427,156664
2024,Eldoret,Smart Devices,Product 45,43,371905
2024,Eldoret,Laptops,Product 46,389,123911
2024,Eldoret,Monitors,Product 47,464,243148
2024,Eldoret,Printers,Product 48,983,133791
2024,Eldoret,Tablets,Product 49,885,200151
2024,Eldoret,Keyboards,Product 50,111,369493
2024,Thika,Laptops,Product 1,386,295456
2024,Thika,Monitors,Product 2,933,348074
2024,Thika,Printers,Product 3,377,41745
2024,Thika,Tablets,Product 4,417,154641
2024,Thika,Keyboards,Product 5,204,74046
2024,Thika,Mice,Product 6,981,454613
2024,Thika,Networking,Product 7,853,248402
2024,Thika,Storage,Product 8,103,357481
2024,Thika,Software,Product 9,227,346437
2024,Thika,Security,Product 10,664,323076
2024,Thika,Accessories,Product 11,31,36517
2024,Thika,Servers,Product 12,815,184854
2024,Thika,Cameras,Product 13,259,76020
2024,Thika,Audio,Product 14,815,306001
2024,Thika,Smart Devices,Product 15,220,45971
2024,Thika,Laptops,Product 16,859,411162
2024,Thika,Monitors,Product 17,577,118610
2024,Thika,Printers,Product 18,610,123220
2024,Thika,Tablets,Product 19,842,465970
2024,Thika,Keyboards,Product 20,248,182259
2024,Thika,Mice,Product 21,802,87360
2024,Thika,Networking,Product 22,817,482137
2024,Thika,Storage,Product 23,620,11486
2024,Thika,Software,Product 24,293,460052
2024,Thika,Security,Product 25,158,78153
2024,Thika,Accessories,Product 26,563,141414
2024,Thika,Servers,Product 27,827,101486
2024,Thika,Cameras,Product 28,122,356584
2024,Thika,Audio,Product 29,897,23516
2024,Thika,Smart Devices,Product 30,144,17791
2024,Thika,Laptops,Product 31,376,424179
2024,Thika,Monitors,Product 32,817,134744
2024,Thika,Printers,Product 33,612,179749
2024,Thika,Tablets,Product 34,26,101355
2024,Thika,Keyboards,Product 35,281,37472
2024,Thika,Mice,Product 36,139,398873
2024,Thika,Networking,Product 37,441,285820
2024,Thika,Storage,Product 38,126,400943
2024,Thika,Software,Product 39,75,259690
2024,Thika,Security,Product 40,469,417904
2024,Thika,Accessories,Product 41,380,279084
2024,Thika,Servers,Product 42,617,67175
2024,Thika,Cameras,Product 43,472,274156
2024,Thika,Audio,Product 44,236,332493
2024,Thika,Smart Devices,Product 45,54,391284
2024,Thika,Laptops,Product 46,812,486447
2024,Thika,Monitors,Product 47,897,355454
2024,Thika,Printers,Product 48,543,168141
2024,Thika,Tablets,Product 49,479,347295
2024,Thika,Keyboards,Product 50,997,26331
2024,Meru,Laptops,Product 1,72,261124
2024,Meru,Monitors,Product 2,877,220563
2024,Meru,Printers,Product 3,446,369712
2024,Meru,Tablets,Product 4,120,267042
2024,Meru,Keyboards,Product 5,739,486945
2024,Meru,Mice,Product 6,464,48530
2024,Meru,Networking,Product 7,930,52357
2024,Meru,Storage,Product 8,339,328923
2024,Meru,Software,Product 9,161,44436
2024,Meru,Security,Product 10,139,154187
2024,Meru,Accessories,Product 11,649,341914
2024,Meru,Servers,Product 12,609,297496
2024,Meru,Cameras,Product 13,739,180490
2024,Meru,Audio,Product 14,400,323205
2024,Meru,Smart Devices,Product 15,553,164611
2024,Meru,Laptops,Product 16,474,275054
2024,Meru,Monitors,Product 17,629,235548
2024,Meru,Printers,Product 18,111,425810
2024,Meru,Tablets,Product 19,728,69985
2024,Meru,Keyboards,Product 20,883,353258
2024,Meru,Mice,Product 21,676,470170
2024,Meru,Networking,Product 22,797,299058
2024,Meru,Storage,Product 23,748,463767
2024,Meru,Software,Product 24,230,235480
2024,Meru,Security,Product 25,472,475615
2024,Meru,Accessories,Product 26,243,226957
2024,Meru,Servers,Product 27,357,443805
2024,Meru,Cameras,Product 28,474,219049
2024,Meru,Audio,Product 29,435,392527
2024,Meru,Smart Devices,Product 30,107,173865
2024,Meru,Laptops,Product 31,447,173852
2024,Meru,Monitors,Product 32,691,143635
2024,Meru,Printers,Product 33,393,90026
2024,Meru,Tablets,Product 34,713,493909
2024,Meru,Keyboards,Product 35,495,45197
2024,Meru,Mice,Product 36,103,446088
2024,Meru,Networking,Product 37,97,58879
2024,Meru,Storage,Product 38,452,60627
2024,Meru,Software,Product 39,772,397341
2024,Meru,Security,Product 40,391,435600
2024,Meru,Accessories,Product 41,143,301698
2024,Meru,Servers,Product 42,71,317476
2024,Meru,Cameras,Product 43,989,304433
2024,Meru,Audio,Product 44,585,182829
2024,Meru,Smart Devices,Product 45,696,74084
2024,Meru,Laptops,Product 46,430,195387
2024,Meru,Monitors,Product 47,904,358830
2024,Meru,Printers,Product 48,973,403365
2024,Meru,Tablets,Product 49,443,465130
2024,Meru,Keyboards,Product 50,947,388043
2024,Nyeri,Laptops,Product 1,62,160800
2024,Nyeri,Monitors,Product 2,624,173813
2024,Nyeri,Printers,Product 3,370,64316
2024,Nyeri,Tablets,Product 4,601,276030
2024,Nyeri,Keyboards,Product 5,227,91123
2024,Nyeri,Mice,Product 6,682,262806
2024,Nyeri,Networking,Product 7,239,454216
2024,Nyeri,Storage,Product 8,120,193560
2024,Nyeri,Software,Product 9,875,301643
2024,Nyeri,Security,Product 10,386,70232
2024,Nyeri,Accessories,Product 11,790,156049
2024,Nyeri,Servers,Product 12,597,128572
2024,Nyeri,Cameras,Product 13,836,234978
2024,Nyeri,Audio,Product 14,875,304107
2024,Nyeri,Smart Devices,Product 15,795,439091
2024,Nyeri,Laptops,Product 16,646,331689
2024,Nyeri,Monitors,Product 17,701,346959
2024,Nyeri,Printers,Product 18,580,23764
2024,Nyeri,Tablets,Product 19,633,497107
2024,Nyeri,Keyboards,Product 20,683,444876
2024,Nyeri,Mice,Product 21,720,150219
2024,Nyeri,Networking,Product 22,39,104589
2024,Nyeri,Storage,Product 23,289,378416
2024,Nyeri,Software,Product 24,790,171996
2024,Nyeri,Security,Product 25,953,188165
2024,Nyeri,Accessories,Product 26,369,13201
2024,Nyeri,Servers,Product 27,195,466058
2024,Nyeri,Cameras,Product 28,156,306915
2024,Nyeri,Audio,Product 29,683,220126
2024,Nyeri,Smart Devices,Product 30,81,84383
2024,Nyeri,Laptops,Product 31,768,341964
2024,Nyeri,Monitors,Product 32,41,58107
2024,Nyeri,Printers,Product 33,774,288125
2024,Nyeri,Tablets,Product 34,230,207234
2024,Nyeri,Keyboards,Product 35,439,247841
2024,Nyeri,Mice,Product 36,359,92527
2024,Nyeri,Networking,Product 37,388,173387
2024,Nyeri,Storage,Product 38,748,180070
2024,Nyeri,Software,Product 39,805,307582
2024,Nyeri,Security,Product 40,620,54541
2024,Nyeri,Accessories,Product 41,914,37582
2024,Nyeri,Servers,Product 42,169,92528
2024,Nyeri,Cameras,Product 43,782,333925
2024,Nyeri,Audio,Product 44,60,363353
2024,Nyeri,Smart Devices,Product 45,93,152660
2024,Nyeri,Laptops,Product 46,463,357046
2024,Nyeri,Monitors,Product 47,444,264626
2024,Nyeri,Printers,Product 48,631,241758
2024,Nyeri,Tablets,Product 49,434,153218
2024,Nyeri,Keyboards,Product 50,230,405807
2024,Machakos,Laptops,Product 1,534,69673
2024,Machakos,Monitors,Product 2,363,235398
2024,Machakos,Printers,Product 3,123,158502
2024,Machakos,Tablets,Product 4,704,365722
2024,Machakos,Keyboards,Product 5,617,265135
2024,Machakos,Mice,Product 6,549,359769
2024,Machakos,Networking,Product 7,325,33811
2024,Machakos,Storage,Product 8,235,217231
2024,Machakos,Software,Product 9,623,38721
2024,Machakos,Security,Product 10,17,117176
2024,Machakos,Accessories,Product 11,318,120747
2024,Machakos,Servers,Product 12,795,81950
2024,Machakos,Cameras,Product 13,792,143965
2024,Machakos,Audio,Product 14,306,182030
2024,Machakos,Smart Devices,Product 15,132,14052
2024,Machakos,Laptops,Product 16,519,401650
2024,Machakos,Monitors,Product 17,450,102114
2024,Machakos,Printers,Product 18,142,209338
2024,Machakos,Tablets,Product 19,555,378926
2024,Machakos,Keyboards,Product 20,245,272281
2024,Machakos,Mice,Product 21,582,446917
2024,Machakos,Networking,Product 22,694,432681
2024,Machakos,Storage,Product 23,372,47788
2024,Machakos,Software,Product 24,416,461812
2024,Machakos,Security,Product 25,769,32178
2024,Machakos,Accessories,Product 26,456,19825
2024,Machakos,Servers,Product 27,480,492954
2024,Machakos,Cameras,Product 28,89,461993
2024,Machakos,Audio,Product 29,330,311863
2024,Machakos,Smart Devices,Product 30,449,310626
2024,Machakos,Laptops,Product 31,424,381981
2024,Machakos,Monitors,Product 32,665,228991
2024,Machakos,Printers,Product 33,306,70384
2024,Machakos,Tablets,Product 34,424,20934
2024,Machakos,Keyboards,Product 35,999,180272
2024,Machakos,Mice,Product 36,185,430123
2024,Machakos,Networking,Product 37,980,334075
2024,Machakos,Storage,Product 38,481,446221
2024,Machakos,Software,Product 39,716,492224
2024,Machakos,Security,Product 40,380,56205
2024,Machakos,Accessories,Product 41,457,452753
2024,Machakos,Servers,Product 42,118,137567
2024,Machakos,Cameras,Product 43,456,318738
2024,Machakos,Audio,Product 44,420,284707
2024,Machakos,Smart Devices,Product 45,90,217495
2024,Machakos,Laptops,Product 46,901,172673
2024,Machakos,Monitors,Product 47,773,188002
2024,Machakos,Printers,Product 48,236,184623
2024,Machakos,Tablets,Product 49,807,98149
2024,Machakos,Keyboards,Product 50,88,277640
2024,Kitale,Laptops,Product 1,658,69782
2024,Kitale,Monitors,Product 2,553,277361
2024,Kitale,Printers,Product 3,208,484964
2024,Kitale,Tablets,Product 4,804,193173
2024,Kitale,Keyboards,Product 5,369,391356
2024,Kitale,Mice,Product 6,991,439364
2024,Kitale,Networking,Product 7,670,437314
2024,Kitale,Storage,Product 8,161,133872
2024,Kitale,Software,Product 9,115,86778
2024,Kitale,Security,Product 10,272,113427
2024,Kitale,Accessories,Product 11,187,325830
2024,Kitale,Servers,Product 12,166,408571
2024,Kitale,Cameras,Product 13,787,353675
2024,Kitale,Audio,Product 14,87,102875
2024,Kitale,Smart Devices,Product 15,984,415194
2024,Kitale,Laptops,Product 16,653,269059
2024,Kitale,Monitors,Product 17,485,405546
2024,Kitale,Printers,Product 18,587,408394
2024,Kitale,Tablets,Product 19,603,245355
2024,Kitale,Keyboards,Product 20,707,494522
2024,Kitale,Mice,Product 21,913,305956
2024,Kitale,Networking,Product 22,668,343079
2024,Kitale,Storage,Product 23,649,179454
2024,Kitale,Software,Product 24,894,338842
2024,Kitale,Security,Product 25,333,89145
2024,Kitale,Accessories,Product 26,460,45801
2024,Kitale,Servers,Product 27,490,241844
2024,Kitale,Cameras,Product 28,656,168765
2024,Kitale,Audio,Product 29,825,154008
2024,Kitale,Smart Devices,Product 30,615,39450
2024,Kitale,Laptops,Product 31,370,275990
2024,Kitale,Monitors,Product 32,85,172743
2024,Kitale,Printers,Product 33,482,246933
2024,Kitale,Tablets,Product 34,48,39826
2024,Kitale,Keyboards,Product 35,387,446048
2024,Kitale,Mice,Product 36,303,50229
2024,Kitale,Networking,Product 37,670,463115
2024,Kitale,Storage,Product 38,885,57341
2024,Kitale,Software,Product 39,639,321468
2024,Kitale,Security,Product 40,529,211579
2024,Kitale,Accessories,Product 41,483,314259
2024,Kitale,Servers,Product 42,577,425140
2024,Kitale,Cameras,Product 43,766,479697
2024,Kitale,Audio,Product 44,52,245789
2024,Kitale,Smart Devices,Product 45,940,434576
2024,Kitale,Laptops,Product 46,595,351750
2024,Kitale,Monitors,Product 47,202,178572
2024,Kitale,Printers,Product 48,629,259366
2024,Kitale,Tablets,Product 49,523,89094
2024,Kitale,Keyboards,Product 50,990,42439
2024,Malindi,Laptops,Product 1,471,64264
2024,Malindi,Monitors,Product 2,840,481401
2024,Malindi,Printers,Product 3,867,190060
2024,Malindi,Tablets,Product 4,741,54212
2024,Malindi,Keyboards,Product 5,526,348756
2024,Malindi,Mice,Product 6,186,30521
2024,Malindi,Networking,Product 7,263,380997
2024,Malindi,Storage,Product 8,458,240383
2024,Malindi,Software,Product 9,546,284070
2024,Malindi,Security,Product 10,634,93228
2024,Malindi,Accessories,Product 11,382,205481
2024,Malindi,Servers,Product 12,949,158317
2024,Malindi,Cameras,Product 13,406,224312
2024,Malindi,Audio,Product 14,803,187401
2024,Malindi,Smart Devices,Product 15,705,323464
2024,Malindi,Laptops,Product 16,63,423782
2024,Malindi,Monitors,Product 17,656,349374
2024,Malindi,Printers,Product 18,352,44556
2024,Malindi,Tablets,Product 19,347,59548
2024,Malindi,Keyboards,Product 20,581,365666
2024,Malindi,Mice,Product 21,405,158974
2024,Malindi,Networking,Product 22,268,389444
2024,Malindi,Storage,Product 23,882,354228
2024,Malindi,Software,Product 24,997,485184
2024,Malindi,Security,Product 25,627,467850
2024,Malindi,Accessories,Product 26,163,184777
2024,Malindi,Servers,Product 27,93,315523
2024,Malindi,Cameras,Product 28,689,84149
2024,Malindi,Audio,Product 29,948,193406
2024,Malindi,Smart Devices,Product 30,327,353961
2024,Malindi,Laptops,Product 31,725,357149
2024,Malindi,Monitors,Product 32,411,77607
2024,Malindi,Printers,Product 33,619,381633
2024,Malindi,Tablets,Product 34,970,54417
2024,Malindi,Keyboards,Product 35,327,303036
2024,Malindi,Mice,Product 36,395,347375
2024,Malindi,Networking,Product 37,820,182216
2024,Malindi,Storage,Product 38,842,77000
2024,Malindi,Software,Product 39,696,378485
2024,Malindi,Security,Product 40,858,397330
2024,Malindi,Accessories,Product 41,711,488385
2024,Malindi,Servers,Product 42,549,58996
2024,Malindi,Cameras,Product 43,671,361512
2024,Malindi,Audio,Product 44,443,276594
2024,Malindi,Smart Devices,Product 45,380,19558
2024,Malindi,Laptops,Product 46,381,171934
2024,Malindi,Monitors,Product 47,194,122298
2024,Malindi,Printers,Product 48,359,411686
2024,Malindi,Tablets,Product 49,507,110666
2024,Malindi,Keyboards,Product 50,241,82123
2024,Garissa,Laptops,Product 1,168,50456
2024,Garissa,Monitors,Product 2,312,452723
2024,Garissa,Printers,Product 3,817,63026
2024,Garissa,Tablets,Product 4,529,414160
2024,Garissa,Keyboards,Product 5,562,447843
2024,Garissa,Mice,Product 6,766,473303
2024,Garissa,Networking,Product 7,549,29790
2024,Garissa,Storage,Product 8,687,186561
2024,Garissa,Software,Product 9,907,411765
2024,Garissa,Security,Product 10,642,78707
2024,Garissa,Accessories,Product 11,621,207509
2024,Garissa,Servers,Product 12,167,95064
2024,Garissa,Cameras,Product 13,195,445864
2024,Garissa,Audio,Product 14,719,414277
2024,Garissa,Smart Devices,Product 15,649,434171
2024,Garissa,Laptops,Product 16,934,96790
2024,Garissa,Monitors,Product 17,748,239466
2024,Garissa,Printers,Product 18,54,225408
2024,Garissa,Tablets,Product 19,383,364608
2024,Garissa,Keyboards,Product 20,746,134534
2024,Garissa,Mice,Product 21,464,330127
2024,Garissa,Networking,Product 22,301,404469
2024,Garissa,Storage,Product 23,776,420937
2024,Garissa,Software,Product 24,469,132684
2024,Garissa,Security,Product 25,556,135393
2024,Garissa,Accessories,Product 26,326,433951
2024,Garissa,Servers,Product 27,813,255899
2024,Garissa,Cameras,Product 28,935,447839
2024,Garissa,Audio,Product 29,208,202854
2024,Garissa,Smart Devices,Product 30,704,309064
2024,Garissa,Laptops,Product 31,461,252053
2024,Garissa,Monitors,Product 32,797,157729
2024,Garissa,Printers,Product 33,806,210211
2024,Garissa,Tablets,Product 34,524,286540
2024,Garissa,Keyboards,Product 35,438,94965
2024,Garissa,Mice,Product 36,846,114699
2024,Garissa,Networking,Product 37,830,327017
2024,Garissa,Storage,Product 38,151,467704
2024,Garissa,Software,Product 39,266,37357
2024,Garissa,Security,Product 40,666,261967
2024,Garissa,Accessories,Product 41,905,204622
2024,Garissa,Servers,Product 42,577,499838
2024,Garissa,Cameras,Product 43,115,382978
2024,Garissa,Audio,Product 44,876,280485
2024,Garissa,Smart Devices,Product 45,881,75367
2024,Garissa,Laptops,Product 46,301,53974
2024,Garissa,Monitors,Product 47,791,94049
2024,Garissa,Printers,Product 48,289,245572
2024,Garissa,Tablets,Product 49,937,279144
2024,Garissa,Keyboards,Product 50,160,445707
2024,Kericho,Laptops,Product 1,457,58084
2024,Kericho,Monitors,Product 2,979,487366
2024,Kericho,Printers,Product 3,237,438187
2024,Kericho,Tablets,Product 4,471,473800
2024,Kericho,Keyboards,Product 5,367,497835
2024,Kericho,Mice,Product 6,37,227525
2024,Kericho,Networking,Product 7,64,217856
2024,Kericho,Storage,Product 8,524,206063
2024,Kericho,Software,Product 9,251,212462
2024,Kericho,Security,Product 10,93,206562
2024,Kericho,Accessories,Product 11,239,24778
2024,Kericho,Servers,Product 12,336,498020
2024,Kericho,Cameras,Product 13,111,449970
2024,Kericho,Audio,Product 14,741,350766
2024,Kericho,Smart Devices,Product 15,353,424911
2024,Kericho,Laptops,Product 16,159,82141
2024,Kericho,Monitors,Product 17,49,160407
2024,Kericho,Printers,Product 18,949,445034
2024,Kericho,Tablets,Product 19,493,374942
2024,Kericho,Keyboards,Product 20,861,82767
2024,Kericho,Mice,Product 21,787,379904
2024,Kericho,Networking,Product 22,490,245196
2024,Kericho,Storage,Product 23,640,12753
2024,Kericho,Software,Product 24,937,51537
2024,Kericho,Security,Product 25,29,144177
2024,Kericho,Accessories,Product 26,230,447761
2024,Kericho,Servers,Product 27,163,297731
2024,Kericho,Cameras,Product 28,972,391280
2024,Kericho,Audio,Product 29,633,286704
2024,Kericho,Smart Devices,Product 30,443,68293
2024,Kericho,Laptops,Product 31,804,161048
2024,Kericho,Monitors,Product 32,253,167889
2024,Kericho,Printers,Product 33,134,35034
2024,Kericho,Tablets,Product 34,254,230109
2024,Kericho,Keyboards,Product 35,664,426231
2024,Kericho,Mice,Product 36,647,249659
2024,Kericho,Networking,Product 37,74,68121
2024,Kericho,Storage,Product 38,866,484557
2024,Kericho,Software,Product 39,521,322863
2024,Kericho,Security,Product 40,558,18616
2024,Kericho,Accessories,Product 41,657,280205
2024,Kericho,Servers,Product 42,598,136845
2024,Kericho,Cameras,Product 43,745,85275
2024,Kericho,Audio,Product 44,308,235044
2024,Kericho,Smart Devices,Product 45,11,332337
2024,Kericho,Laptops,Product 46,371,136124
2024,Kericho,Monitors,Product 47,594,228401
2024,Kericho,Printers,Product 48,201,358321
2024,Kericho,Tablets,Product 49,694,54886
2024,Kericho,Keyboards,Product 50,546,199060
2024,Embu,Laptops,Product 1,79,285806
2024,Embu,Monitors,Product 2,567,275985
2024,Embu,Printers,Product 3,815,276140
2024,Embu,Tablets,Product 4,577,20661
2024,Embu,Keyboards,Product 5,409,467877
2024,Embu,Mice,Product 6,491,32824
2024,Embu,Networking,Product 7,660,212837
2024,Embu,Storage,Product 8,392,142985
2024,Embu,Software,Product 9,775,18515
2024,Embu,Security,Product 10,375,423411
2024,Embu,Accessories,Product 11,79,190775
2024,Embu,Servers,Product 12,256,394272
2024,Embu,Cameras,Product 13,682,339387
2024,Embu,Audio,Product 14,116,414488
2024,Embu,Smart Devices,Product 15,605,395449
2024,Embu,Laptops,Product 16,784,184335
2024,Embu,Monitors,Product 17,146,33244
2024,Embu,Printers,Product 18,370,296268
2024,Embu,Tablets,Product 19,356,436512
2024,Embu,Keyboards,Product 20,668,101797
2024,Embu,Mice,Product 21,860,418495
2024,Embu,Networking,Product 22,711,253596
2024,Embu,Storage,Product 23,722,260888
2024,Embu,Software,Product 24,656,105566
2024,Embu,Security,Product 25,840,80701
2024,Embu,Accessories,Product 26,74,385413
2024,Embu,Servers,Product 27,804,249955
2024,Embu,Cameras,Product 28,47,163848
2024,Embu,Audio,Product 29,216,32967
2024,Embu,Smart Devices,Product 30,820,114579
2024,Embu,Laptops,Product 31,917,31970
2024,Embu,Monitors,Product 32,333,499355
2024,Embu,Printers,Product 33,327,280209
2024,Embu,Tablets,Product 34,417,437507
2024,Embu,Keyboards,Product 35,566,258197
2024,Embu,Mice,Product 36,269,29199
2024,Embu,Networking,Product 37,781,349162
2024,Embu,Storage,Product 38,205,160004
2024,Embu,Software,Product 39,375,462008
2024,Embu,Security,Product 40,809,35063
2024,Embu,Accessories,Product 41,896,353792
2024,Embu,Servers,Product 42,349,153244
2024,Embu,Cameras,Product 43,137,429085
2024,Embu,Audio,Product 44,386,239088
2024,Embu,Smart Devices,Product 45,920,219726
2024,Embu,Laptops,Product 46,771,240548
2024,Embu,Monitors,Product 47,926,212713
2024,Embu,Printers,Product 48,357,107946
2024,Embu,Tablets,Product 49,518,372843
2024,Embu,Keyboards,Product 50,519,202595
2025,Nairobi,Laptops,Product 1,956,428010
2025,Nairobi,Monitors,Product 2,541,149838
2025,Nairobi,Printers,Product 3,830,53312
2025,Nairobi,Tablets,Product 4,754,232560
2025,Nairobi,Keyboards,Product 5,90,235762
2025,Nairobi,Mice,Product 6,626,441143
2025,Nairobi,Networking,Product 7,194,295985
2025,Nairobi,Storage,Product 8,310,178407
2025,Nairobi,Software,Product 9,115,51979
2025,Nairobi,Security,Product 10,345,356512
2025,Nairobi,Accessories,Product 11,312,170692
2025,Nairobi,Servers,Product 12,466,325947
2025,Nairobi,Cameras,Product 13,744,233407
2025,Nairobi,Audio,Product 14,180,371635
2025,Nairobi,Smart Devices,Product 15,464,194311
2025,Nairobi,Laptops,Product 16,467,32206
2025,Nairobi,Monitors,Product 17,754,466150
2025,Nairobi,Printers,Product 18,943,194842
2025,Nairobi,Tablets,Product 19,639,238034
2025,Nairobi,Keyboards,Product 20,291,345266
2025,Nairobi,Mice,Product 21,820,40072
2025,Nairobi,Networking,Product 22,86,361893
2025,Nairobi,Storage,Product 23,662,222971
2025,Nairobi,Software,Product 24,382,279004
2025,Nairobi,Security,Product 25,830,403162
2025,Nairobi,Accessories,Product 26,705,93879
2025,Nairobi,Servers,Product 27,985,26326
2025,Nairobi,Cameras,Product 28,156,454947
2025,Nairobi,Audio,Product 29,632,365513
2025,Nairobi,Smart Devices,Product 30,810,239728
2025,Nairobi,Laptops,Product 31,45,76180
2025,Nairobi,Monitors,Product 32,78,133729
2025,Nairobi,Printers,Product 33,807,348251
2025,Nairobi,Tablets,Product 34,385,199871
2025,Nairobi,Keyboards,Product 35,402,307399
2025,Nairobi,Mice,Product 36,43,327243
2025,Nairobi,Networking,Product 37,167,366024
2025,Nairobi,Storage,Product 38,470,204492
2025,Nairobi,Software,Product 39,390,242752
2025,Nairobi,Security,Product 40,791,50310
2025,Nairobi,Accessories,Product 41,597,82191
2025,Nairobi,Servers,Product 42,552,202387
2025,Nairobi,Cameras,Product 43,417,174828
2025,Nairobi,Audio,Product 44,675,156113
2025,Nairobi,Smart Devices,Product 45,265,69479
2025,Nairobi,Laptops,Product 46,36,395705
2025,Nairobi,Monitors,Product 47,200,271642
2025,Nairobi,Printers,Product 48,540,212892
2025,Nairobi,Tablets,Product 49,945,304478
2025,Nairobi,Keyboards,Product 50,130,147246
2025,Mombasa,Laptops,Product 1,803,146466
2025,Mombasa,Monitors,Product 2,730,243975
2025,Mombasa,Printers,Product 3,229,330799
2025,Mombasa,Tablets,Product 4,302,373845
2025,Mombasa,Keyboards,Product 5,948,267530
2025,Mombasa,Mice,Product 6,214,74297
2025,Mombasa,Networking,Product 7,148,457126
2025,Mombasa,Storage,Product 8,85,247000
2025,Mombasa,Software,Product 9,186,481166
2025,Mombasa,Security,Product 10,740,243366
2025,Mombasa,Accessories,Product 11,99,434942
2025,Mombasa,Servers,Product 12,708,453296
2025,Mombasa,Cameras,Product 13,337,360140
2025,Mombasa,Audio,Product 14,365,382003
2025,Mombasa,Smart Devices,Product 15,76,298356
2025,Mombasa,Laptops,Product 16,565,162233
2025,Mombasa,Monitors,Product 17,922,167263
2025,Mombasa,Printers,Product 18,881,92578
2025,Mombasa,Tablets,Product 19,738,382015
2025,Mombasa,Keyboards,Product 20,959,377116
2025,Mombasa,Mice,Product 21,663,101273
2025,Mombasa,Networking,Product 22,822,199526
2025,Mombasa,Storage,Product 23,530,127567
2025,Mombasa,Software,Product 24,134,115371
2025,Mombasa,Security,Product 25,821,82811
2025,Mombasa,Accessories,Product 26,252,424383
2025,Mombasa,Servers,Product 27,515,23780
2025,Mombasa,Cameras,Product 28,379,300466
2025,Mombasa,Audio,Product 29,596,203415
2025,Mombasa,Smart Devices,Product 30,488,431350
2025,Mombasa,Laptops,Product 31,574,78037
2025,Mombasa,Monitors,Product 32,636,473599
2025,Mombasa,Printers,Product 33,98,44470
2025,Mombasa,Tablets,Product 34,326,218750
2025,Mombasa,Keyboards,Product 35,744,386894
2025,Mombasa,Mice,Product 36,500,285615
2025,Mombasa,Networking,Product 37,430,413263
2025,Mombasa,Storage,Product 38,429,441666
2025,Mombasa,Software,Product 39,598,48666
2025,Mombasa,Security,Product 40,138,176213
2025,Mombasa,Accessories,Product 41,667,48883
2025,Mombasa,Servers,Product 42,470,254230
2025,Mombasa,Cameras,Product 43,706,281245
2025,Mombasa,Audio,Product 44,362,77284
2025,Mombasa,Smart Devices,Product 45,909,444662
2025,Mombasa,Laptops,Product 46,808,299041
2025,Mombasa,Monitors,Product 47,665,318169
2025,Mombasa,Printers,Product 48,196,412538
2025,Mombasa,Tablets,Product 49,999,77650
2025,Mombasa,Keyboards,Product 50,453,273645
2025,Kisumu,Laptops,Product 1,942,465192
2025,Kisumu,Monitors,Product 2,66,445888
2025,Kisumu,Printers,Product 3,137,281634
2025,Kisumu,Tablets,Product 4,166,169448
2025,Kisumu,Keyboards,Product 5,178,94917
2025,Kisumu,Mice,Product 6,340,381894
2025,Kisumu,Networking,Product 7,240,191415
2025,Kisumu,Storage,Product 8,980,282051
2025,Kisumu,Software,Product 9,926,158923
2025,Kisumu,Security,Product 10,876,51345
2025,Kisumu,Accessories,Product 11,266,112918
2025,Kisumu,Servers,Product 12,660,298799
2025,Kisumu,Cameras,Product 13,291,75625
2025,Kisumu,Audio,Product 14,650,168767
2025,Kisumu,Smart Devices,Product 15,639,289696
2025,Kisumu,Laptops,Product 16,105,273493
2025,Kisumu,Monitors,Product 17,666,98413
2025,Kisumu,Printers,Product 18,616,314425
2025,Kisumu,Tablets,Product 19,167,99758
2025,Kisumu,Keyboards,Product 20,684,337406
2025,Kisumu,Mice,Product 21,747,482908
2025,Kisumu,Networking,Product 22,629,187009
2025,Kisumu,Storage,Product 23,872,494405
2025,Kisumu,Software,Product 24,587,31597
2025,Kisumu,Security,Product 25,855,462870
2025,Kisumu,Accessories,Product 26,39,52584
2025,Kisumu,Servers,Product 27,56,346306
2025,Kisumu,Cameras,Product 28,799,312394
2025,Kisumu,Audio,Product 29,281,351379
2025,Kisumu,Smart Devices,Product 30,225,412107
2025,Kisumu,Laptops,Product 31,595,228411
2025,Kisumu,Monitors,Product 32,642,345015
2025,Kisumu,Printers,Product 33,41,271115
2025,Kisumu,Tablets,Product 34,920,338814
2025,Kisumu,Keyboards,Product 35,568,161871
2025,Kisumu,Mice,Product 36,667,168384
2025,Kisumu,Networking,Product 37,504,138386
2025,Kisumu,Storage,Product 38,834,433283
2025,Kisumu,Software,Product 39,711,222909
2025,Kisumu,Security,Product 40,314,247787
2025,Kisumu,Accessories,Product 41,84,371031
2025,Kisumu,Servers,Product 42,71,92879
2025,Kisumu,Cameras,Product 43,460,227905
2025,Kisumu,Audio,Product 44,505,253501
2025,Kisumu,Smart Devices,Product 45,218,188358
2025,Kisumu,Laptops,Product 46,631,85323
2025,Kisumu,Monitors,Product 47,330,461666
2025,Kisumu,Printers,Product 48,745,177413
2025,Kisumu,Tablets,Product 49,761,461295
2025,Kisumu,Keyboards,Product 50,363,219042
2025,Nakuru,Laptops,Product 1,143,408807
2025,Nakuru,Monitors,Product 2,389,279997
2025,Nakuru,Printers,Product 3,585,65670
2025,Nakuru,Tablets,Product 4,336,136740
2025,Nakuru,Keyboards,Product 5,487,74236
2025,Nakuru,Mice,Product 6,283,245717
2025,Nakuru,Networking,Product 7,263,83860
2025,Nakuru,Storage,Product 8,109,36531
2025,Nakuru,Software,Product 9,307,211405
2025,Nakuru,Security,Product 10,894,332635
2025,Nakuru,Accessories,Product 11,438,140165
2025,Nakuru,Servers,Product 12,995,463670
2025,Nakuru,Cameras,Product 13,933,93728
2025,Nakuru,Audio,Product 14,843,181670
2025,Nakuru,Smart Devices,Product 15,966,312874
2025,Nakuru,Laptops,Product 16,748,173952
2025,Nakuru,Monitors,Product 17,204,410095
2025,Nakuru,Printers,Product 18,173,271234
2025,Nakuru,Tablets,Product 19,537,254745
2025,Nakuru,Keyboards,Product 20,520,470888
2025,Nakuru,Mice,Product 21,325,270765
2025,Nakuru,Networking,Product 22,33,57211
2025,Nakuru,Storage,Product 23,977,216172
2025,Nakuru,Software,Product 24,527,249720
2025,Nakuru,Security,Product 25,999,136211
2025,Nakuru,Accessories,Product 26,230,315840
2025,Nakuru,Servers,Product 27,371,35510
2025,Nakuru,Cameras,Product 28,61,157511
2025,Nakuru,Audio,Product 29,516,323271
2025,Nakuru,Smart Devices,Product 30,913,451895
2025,Nakuru,Laptops,Product 31,679,362594
2025,Nakuru,Monitors,Product 32,491,159814
2025,Nakuru,Printers,Product 33,559,14287
2025,Nakuru,Tablets,Product 34,877,66359
2025,Nakuru,Keyboards,Product 35,451,80220
2025,Nakuru,Mice,Product 36,913,148659
2025,Nakuru,Networking,Product 37,754,201772
2025,Nakuru,Storage,Product 38,792,221421
2025,Nakuru,Software,Product 39,384,33720
2025,Nakuru,Security,Product 40,420,36821
2025,Nakuru,Accessories,Product 41,593,304553
2025,Nakuru,Servers,Product 42,209,200066
2025,Nakuru,Cameras,Product 43,576,161310
2025,Nakuru,Audio,Product 44,85,212558
2025,Nakuru,Smart Devices,Product 45,526,246115
2025,Nakuru,Laptops,Product 46,792,298283
2025,Nakuru,Monitors,Product 47,296,442700
2025,Nakuru,Printers,Product 48,648,366724
2025,Nakuru,Tablets,Product 49,635,72291
2025,Nakuru,Keyboards,Product 50,141,60688
2025,Eldoret,Laptops,Product 1,413,205663
2025,Eldoret,Monitors,Product 2,823,187778
2025,Eldoret,Printers,Product 3,581,201683
2025,Eldoret,Tablets,Product 4,783,85637
2025,Eldoret,Keyboards,Product 5,213,325864
2025,Eldoret,Mice,Product 6,531,220442
2025,Eldoret,Networking,Product 7,522,31105
2025,Eldoret,Storage,Product 8,56,30402
2025,Eldoret,Software,Product 9,150,384127
2025,Eldoret,Security,Product 10,351,431509
2025,Eldoret,Accessories,Product 11,495,282279
2025,Eldoret,Servers,Product 12,477,88087
2025,Eldoret,Cameras,Product 13,630,478258
2025,Eldoret,Audio,Product 14,537,83285
2025,Eldoret,Smart Devices,Product 15,345,498305
2025,Eldoret,Laptops,Product 16,637,177001
2025,Eldoret,Monitors,Product 17,176,216021
2025,Eldoret,Printers,Product 18,641,397616
2025,Eldoret,Tablets,Product 19,872,166884
2025,Eldoret,Keyboards,Product 20,617,186356
2025,Eldoret,Mice,Product 21,529,444262
2025,Eldoret,Networking,Product 22,531,289099
2025,Eldoret,Storage,Product 23,511,381583
2025,Eldoret,Software,Product 24,586,167176
2025,Eldoret,Security,Product 25,496,437687
2025,Eldoret,Accessories,Product 26,27,203125
2025,Eldoret,Servers,Product 27,349,363268
2025,Eldoret,Cameras,Product 28,122,228387
2025,Eldoret,Audio,Product 29,607,171311
2025,Eldoret,Smart Devices,Product 30,825,481212
2025,Eldoret,Laptops,Product 31,752,467231
2025,Eldoret,Monitors,Product 32,714,339913
2025,Eldoret,Printers,Product 33,37,322952
2025,Eldoret,Tablets,Product 34,495,149214
2025,Eldoret,Keyboards,Product 35,1000,353718
2025,Eldoret,Mice,Product 36,811,416932
2025,Eldoret,Networking,Product 37,602,312846
2025,Eldoret,Storage,Product 38,243,388221
2025,Eldoret,Software,Product 39,62,315934
2025,Eldoret,Security,Product 40,501,99397
2025,Eldoret,Accessories,Product 41,546,339790
2025,Eldoret,Servers,Product 42,748,334920
2025,Eldoret,Cameras,Product 43,803,451013
2025,Eldoret,Audio,Product 44,399,87477
2025,Eldoret,Smart Devices,Product 45,851,366896
2025,Eldoret,Laptops,Product 46,258,26552
2025,Eldoret,Monitors,Product 47,596,377274
2025,Eldoret,Printers,Product 48,122,110025
2025,Eldoret,Tablets,Product 49,29,241231
2025,Eldoret,Keyboards,Product 50,331,229561
2025,Thika,Laptops,Product 1,165,226510
2025,Thika,Monitors,Product 2,717,116897
2025,Thika,Printers,Product 3,430,273097
2025,Thika,Tablets,Product 4,803,330590
2025,Thika,Keyboards,Product 5,952,257257
2025,Thika,Mice,Product 6,903,454793
2025,Thika,Networking,Product 7,763,391368
2025,Thika,Storage,Product 8,73,380029
2025,Thika,Software,Product 9,151,281939
2025,Thika,Security,Product 10,222,304066
2025,Thika,Accessories,Product 11,342,357197
2025,Thika,Servers,Product 12,499,285501
2025,Thika,Cameras,Product 13,395,174496
2025,Thika,Audio,Product 14,989,100797
2025,Thika,Smart Devices,Product 15,480,488215
2025,Thika,Laptops,Product 16,555,189477
2025,Thika,Monitors,Product 17,569,195748
2025,Thika,Printers,Product 18,702,414744
2025,Thika,Tablets,Product 19,898,387972
2025,Thika,Keyboards,Product 20,707,347279
2025,Thika,Mice,Product 21,832,373495
2025,Thika,Networking,Product 22,280,329855
2025,Thika,Storage,Product 23,505,110801
2025,Thika,Software,Product 24,990,139247
2025,Thika,Security,Product 25,295,302598
2025,Thika,Accessories,Product 26,315,127895
2025,Thika,Servers,Product 27,974,166035
2025,Thika,Cameras,Product 28,799,161521
2025,Thika,Audio,Product 29,731,118673
2025,Thika,Smart Devices,Product 30,716,379616
2025,Thika,Laptops,Product 31,510,176220
2025,Thika,Monitors,Product 32,501,192873
2025,Thika,Printers,Product 33,583,499527
2025,Thika,Tablets,Product 34,966,427021
2025,Thika,Keyboards,Product 35,748,153370
2025,Thika,Mice,Product 36,304,73897
2025,Thika,Networking,Product 37,597,364744
2025,Thika,Storage,Product 38,566,209069
2025,Thika,Software,Product 39,927,216848
2025,Thika,Security,Product 40,848,190949
2025,Thika,Accessories,Product 41,987,415308
2025,Thika,Servers,Product 42,833,86795
2025,Thika,Cameras,Product 43,307,32054
2025,Thika,Audio,Product 44,304,384415
2025,Thika,Smart Devices,Product 45,90,191594
2025,Thika,Laptops,Product 46,956,241932
2025,Thika,Monitors,Product 47,681,144450
2025,Thika,Printers,Product 48,775,261175
2025,Thika,Tablets,Product 49,229,115941
2025,Thika,Keyboards,Product 50,857,292369
2025,Meru,Laptops,Product 1,287,499173
2025,Meru,Monitors,Product 2,585,374994
2025,Meru,Printers,Product 3,288,81970
2025,Meru,Tablets,Product 4,121,332792
2025,Meru,Keyboards,Product 5,768,317668
2025,Meru,Mice,Product 6,255,137117
2025,Meru,Networking,Product 7,61,361185
2025,Meru,Storage,Product 8,936,288418
2025,Meru,Software,Product 9,241,344466
2025,Meru,Security,Product 10,248,37520
2025,Meru,Accessories,Product 11,112,226688
2025,Meru,Servers,Product 12,348,386102
2025,Meru,Cameras,Product 13,493,62714
2025,Meru,Audio,Product 14,707,414103
2025,Meru,Smart Devices,Product 15,150,12716
2025,Meru,Laptops,Product 16,997,298543
2025,Meru,Monitors,Product 17,961,92806
2025,Meru,Printers,Product 18,426,352303
2025,Meru,Tablets,Product 19,967,471712
2025,Meru,Keyboards,Product 20,909,259403
2025,Meru,Mice,Product 21,498,351069
2025,Meru,Networking,Product 22,214,406315
2025,Meru,Storage,Product 23,997,160599
2025,Meru,Software,Product 24,338,159639
2025,Meru,Security,Product 25,671,41018
2025,Meru,Accessories,Product 26,939,413033
2025,Meru,Servers,Product 27,101,351992
2025,Meru,Cameras,Product 28,597,131750
2025,Meru,Audio,Product 29,557,397284
2025,Meru,Smart Devices,Product 30,750,455819
2025,Meru,Laptops,Product 31,969,29555
2025,Meru,Monitors,Product 32,945,493116
2025,Meru,Printers,Product 33,189,229092
2025,Meru,Tablets,Product 34,913,449146
2025,Meru,Keyboards,Product 35,190,499644
2025,Meru,Mice,Product 36,951,29052
2025,Meru,Networking,Product 37,866,218139
2025,Meru,Storage,Product 38,816,269723
2025,Meru,Software,Product 39,200,402693
2025,Meru,Security,Product 40,995,467331
2025,Meru,Accessories,Product 41,958,161764
2025,Meru,Servers,Product 42,907,29643
2025,Meru,Cameras,Product 43,19,166443
2025,Meru,Audio,Product 44,591,326031
2025,Meru,Smart Devices,Product 45,119,496777
2025,Meru,Laptops,Product 46,353,159192
2025,Meru,Monitors,Product 47,475,346232
2025,Meru,Printers,Product 48,566,284893
2025,Meru,Tablets,Product 49,515,476228
2025,Meru,Keyboards,Product 50,971,80359
2025,Nyeri,Laptops,Product 1,881,274352
2025,Nyeri,Monitors,Product 2,489,153045
2025,Nyeri,Printers,Product 3,207,434051
2025,Nyeri,Tablets,Product 4,125,183373
2025,Nyeri,Keyboards,Product 5,176,393317
2025,Nyeri,Mice,Product 6,479,349888
2025,Nyeri,Networking,Product 7,273,386752
2025,Nyeri,Storage,Product 8,200,17384
2025,Nyeri,Software,Product 9,764,186743
2025,Nyeri,Security,Product 10,819,164677
2025,Nyeri,Accessories,Product 11,591,363580
2025,Nyeri,Servers,Product 12,785,111272
2025,Nyeri,Cameras,Product 13,189,330316
2025,Nyeri,Audio,Product 14,886,344876
2025,Nyeri,Smart Devices,Product 15,928,222593
2025,Nyeri,Laptops,Product 16,856,234239
2025,Nyeri,Monitors,Product 17,537,181928
2025,Nyeri,Printers,Product 18,98,220152
2025,Nyeri,Tablets,Product 19,695,60009
2025,Nyeri,Keyboards,Product 20,199,83721
2025,Nyeri,Mice,Product 21,498,179660
2025,Nyeri,Networking,Product 22,968,140048
2025,Nyeri,Storage,Product 23,16,146726
2025,Nyeri,Software,Product 24,402,133480
2025,Nyeri,Security,Product 25,467,405185
2025,Nyeri,Accessories,Product 26,283,182818
2025,Nyeri,Servers,Product 27,319,315377
2025,Nyeri,Cameras,Product 28,750,310352
2025,Nyeri,Audio,Product 29,21,147129
2025,Nyeri,Smart Devices,Product 30,679,198508
2025,Nyeri,Laptops,Product 31,719,133890
2025,Nyeri,Monitors,Product 32,73,360112
2025,Nyeri,Printers,Product 33,131,254001
2025,Nyeri,Tablets,Product 34,324,93737
2025,Nyeri,Keyboards,Product 35,425,369700
2025,Nyeri,Mice,Product 36,524,493973
2025,Nyeri,Networking,Product 37,926,475463
2025,Nyeri,Storage,Product 38,730,413618
2025,Nyeri,Software,Product 39,328,371910
2025,Nyeri,Security,Product 40,130,344868
2025,Nyeri,Accessories,Product 41,948,164684
2025,Nyeri,Servers,Product 42,386,332240
2025,Nyeri,Cameras,Product 43,236,124886
2025,Nyeri,Audio,Product 44,990,80028
2025,Nyeri,Smart Devices,Product 45,499,90313
2025,Nyeri,Laptops,Product 46,475,402028
2025,Nyeri,Monitors,Product 47,630,205887
2025,Nyeri,Printers,Product 48,435,378019
2025,Nyeri,Tablets,Product 49,572,488568
2025,Nyeri,Keyboards,Product 50,492,407069
2025,Machakos,Laptops,Product 1,560,430476
2025,Machakos,Monitors,Product 2,690,442854
2025,Machakos,Printers,Product 3,233,409433
2025,Machakos,Tablets,Product 4,263,366695
2025,Machakos,Keyboards,Product 5,782,322378
2025,Machakos,Mice,Product 6,904,422809
2025,Machakos,Networking,Product 7,93,285516
2025,Machakos,Storage,Product 8,467,286914
2025,Machakos,Software,Product 9,730,199679
2025,Machakos,Security,Product 10,89,490900
2025,Machakos,Accessories,Product 11,587,68829
2025,Machakos,Servers,Product 12,73,444516
2025,Machakos,Cameras,Product 13,570,483373
2025,Machakos,Audio,Product 14,527,115988
2025,Machakos,Smart Devices,Product 15,596,291364
2025,Machakos,Laptops,Product 16,163,96264
2025,Machakos,Monitors,Product 17,345,457996
2025,Machakos,Printers,Product 18,542,241651
2025,Machakos,Tablets,Product 19,129,366670
2025,Machakos,Keyboards,Product 20,220,385871
2025,Machakos,Mice,Product 21,607,266286
2025,Machakos,Networking,Product 22,103,481276
2025,Machakos,Storage,Product 23,532,243561
2025,Machakos,Software,Product 24,838,39169
2025,Machakos,Security,Product 25,474,79176
2025,Machakos,Accessories,Product 26,535,227802
2025,Machakos,Servers,Product 27,477,305651
2025,Machakos,Cameras,Product 28,69,302970
2025,Machakos,Audio,Product 29,483,362724
2025,Machakos,Smart Devices,Product 30,836,171569
2025,Machakos,Laptops,Product 31,750,21413
2025,Machakos,Monitors,Product 32,415,143408
2025,Machakos,Printers,Product 33,846,11580
2025,Machakos,Tablets,Product 34,773,124243
2025,Machakos,Keyboards,Product 35,602,48288
2025,Machakos,Mice,Product 36,56,232139
2025,Machakos,Networking,Product 37,362,377203
2025,Machakos,Storage,Product 38,75,293725
2025,Machakos,Software,Product 39,71,499990
2025,Machakos,Security,Product 40,925,46185
2025,Machakos,Accessories,Product 41,966,257501
2025,Machakos,Servers,Product 42,42,160518
2025,Machakos,Cameras,Product 43,428,104362
2025,Machakos,Audio,Product 44,797,81003
2025,Machakos,Smart Devices,Product 45,794,346343
2025,Machakos,Laptops,Product 46,756,348627
2025,Machakos,Monitors,Product 47,996,230390
2025,Machakos,Printers,Product 48,393,477315
2025,Machakos,Tablets,Product 49,401,245162
2025,Machakos,Keyboards,Product 50,900,490832
2025,Kitale,Laptops,Product 1,938,207916
2025,Kitale,Monitors,Product 2,394,52074
2025,Kitale,Printers,Product 3,709,356969
2025,Kitale,Tablets,Product 4,905,292748
2025,Kitale,Keyboards,Product 5,146,352640
2025,Kitale,Mice,Product 6,890,192331
2025,Kitale,Networking,Product 7,131,103571
2025,Kitale,Storage,Product 8,560,216075
2025,Kitale,Software,Product 9,551,76766
2025,Kitale,Security,Product 10,755,126753
2025,Kitale,Accessories,Product 11,864,11821
2025,Kitale,Servers,Product 12,784,21919
2025,Kitale,Cameras,Product 13,315,252747
2025,Kitale,Audio,Product 14,699,387012
2025,Kitale,Smart Devices,Product 15,567,232365
2025,Kitale,Laptops,Product 16,554,208850
2025,Kitale,Monitors,Product 17,853,130410
2025,Kitale,Printers,Product 18,263,251500
2025,Kitale,Tablets,Product 19,364,91328
2025,Kitale,Keyboards,Product 20,292,108818
2025,Kitale,Mice,Product 21,969,468861
2025,Kitale,Networking,Product 22,752,411337
2025,Kitale,Storage,Product 23,125,26891
2025,Kitale,Software,Product 24,838,356133
2025,Kitale,Security,Product 25,439,332396
2025,Kitale,Accessories,Product 26,794,473342
2025,Kitale,Servers,Product 27,920,18202
2025,Kitale,Cameras,Product 28,256,118046
2025,Kitale,Audio,Product 29,78,62898
2025,Kitale,Smart Devices,Product 30,618,27603
2025,Kitale,Laptops,Product 31,467,323411
2025,Kitale,Monitors,Product 32,698,378724
2025,Kitale,Printers,Product 33,903,35520
2025,Kitale,Tablets,Product 34,260,398256
2025,Kitale,Keyboards,Product 35,55,220902
2025,Kitale,Mice,Product 36,459,132861
2025,Kitale,Networking,Product 37,562,123911
2025,Kitale,Storage,Product 38,782,462843
2025,Kitale,Software,Product 39,804,39592
2025,Kitale,Security,Product 40,153,274186
2025,Kitale,Accessories,Product 41,306,132768
2025,Kitale,Servers,Product 42,845,490455
2025,Kitale,Cameras,Product 43,759,312047
2025,Kitale,Audio,Product 44,336,312763
2025,Kitale,Smart Devices,Product 45,622,415032
2025,Kitale,Laptops,Product 46,698,439068
2025,Kitale,Monitors,Product 47,338,134205
2025,Kitale,Printers,Product 48,319,469411
2025,Kitale,Tablets,Product 49,156,356141
2025,Kitale,Keyboards,Product 50,543,125890
2025,Malindi,Laptops,Product 1,433,167549
2025,Malindi,Monitors,Product 2,291,41959
2025,Malindi,Printers,Product 3,580,320203
2025,Malindi,Tablets,Product 4,910,395462
2025,Malindi,Keyboards,Product 5,943,101820
2025,Malindi,Mice,Product 6,651,365860
2025,Malindi,Networking,Product 7,447,301425
2025,Malindi,Storage,Product 8,517,34580
2025,Malindi,Software,Product 9,362,347282
2025,Malindi,Security,Product 10,697,209834
2025,Malindi,Accessories,Product 11,814,284969
2025,Malindi,Servers,Product 12,336,375066
2025,Malindi,Cameras,Product 13,436,224045
2025,Malindi,Audio,Product 14,162,167227
2025,Malindi,Smart Devices,Product 15,395,106405
2025,Malindi,Laptops,Product 16,782,292029
2025,Malindi,Monitors,Product 17,494,136336
2025,Malindi,Printers,Product 18,879,128145
2025,Malindi,Tablets,Product 19,317,459598
2025,Malindi,Keyboards,Product 20,734,85681
2025,Malindi,Mice,Product 21,835,252758
2025,Malindi,Networking,Product 22,946,40211
2025,Malindi,Storage,Product 23,585,226361
2025,Malindi,Software,Product 24,436,302178
2025,Malindi,Security,Product 25,552,80303
2025,Malindi,Accessories,Product 26,407,137327
2025,Malindi,Servers,Product 27,271,116607
2025,Malindi,Cameras,Product 28,348,349060
2025,Malindi,Audio,Product 29,90,493512
2025,Malindi,Smart Devices,Product 30,470,454141
2025,Malindi,Laptops,Product 31,389,58477
2025,Malindi,Monitors,Product 32,558,389891
2025,Malindi,Printers,Product 33,859,109867
2025,Malindi,Tablets,Product 34,62,150751
2025,Malindi,Keyboards,Product 35,396,363198
2025,Malindi,Mice,Product 36,629,326104
2025,Malindi,Networking,Product 37,50,468028
2025,Malindi,Storage,Product 38,84,108651
2025,Malindi,Software,Product 39,833,409348
2025,Malindi,Security,Product 40,611,389744
2025,Malindi,Accessories,Product 41,697,302998
2025,Malindi,Servers,Product 42,232,261340
2025,Malindi,Cameras,Product 43,223,465854
2025,Malindi,Audio,Product 44,938,184569
2025,Malindi,Smart Devices,Product 45,320,486574
2025,Malindi,Laptops,Product 46,25,121048
2025,Malindi,Monitors,Product 47,969,109627
2025,Malindi,Printers,Product 48,995,398746
2025,Malindi,Tablets,Product 49,130,401579
2025,Malindi,Keyboards,Product 50,782,261092
2025,Garissa,Laptops,Product 1,946,137188
2025,Garissa,Monitors,Product 2,722,326880
2025,Garissa,Printers,Product 3,730,117223
2025,Garissa,Tablets,Product 4,416,489789
2025,Garissa,Keyboards,Product 5,255,299448
2025,Garissa,Mice,Product 6,339,416592
2025,Garissa,Networking,Product 7,299,209576
2025,Garissa,Storage,Product 8,487,289786
2025,Garissa,Software,Product 9,674,198355
2025,Garissa,Security,Product 10,325,147133
2025,Garissa,Accessories,Product 11,378,278863
2025,Garissa,Servers,Product 12,913,270716
2025,Garissa,Cameras,Product 13,487,61699
2025,Garissa,Audio,Product 14,832,388752
2025,Garissa,Smart Devices,Product 15,490,409312
2025,Garissa,Laptops,Product 16,869,177894
2025,Garissa,Monitors,Product 17,946,116497
2025,Garissa,Printers,Product 18,389,174061
2025,Garissa,Tablets,Product 19,433,33968
2025,Garissa,Keyboards,Product 20,586,463029
2025,Garissa,Mice,Product 21,236,398629
2025,Garissa,Networking,Product 22,159,18503
2025,Garissa,Storage,Product 23,277,300094
2025,Garissa,Software,Product 24,967,316200
2025,Garissa,Security,Product 25,603,387493
2025,Garissa,Accessories,Product 26,437,164765
2025,Garissa,Servers,Product 27,166,112860
2025,Garissa,Cameras,Product 28,347,130596
2025,Garissa,Audio,Product 29,398,308733
2025,Garissa,Smart Devices,Product 30,863,138833
2025,Garissa,Laptops,Product 31,521,298695
2025,Garissa,Monitors,Product 32,680,369056
2025,Garissa,Printers,Product 33,355,144913
2025,Garissa,Tablets,Product 34,791,440750
2025,Garissa,Keyboards,Product 35,510,389352
2025,Garissa,Mice,Product 36,667,397760
2025,Garissa,Networking,Product 37,512,251607
2025,Garissa,Storage,Product 38,182,394183
2025,Garissa,Software,Product 39,824,194641
2025,Garissa,Security,Product 40,183,83378
2025,Garissa,Accessories,Product 41,747,296547
2025,Garissa,Servers,Product 42,510,106494
2025,Garissa,Cameras,Product 43,948,476283
2025,Garissa,Audio,Product 44,565,346492
2025,Garissa,Smart Devices,Product 45,990,40792
2025,Garissa,Laptops,Product 46,546,27733
2025,Garissa,Monitors,Product 47,869,453913
2025,Garissa,Printers,Product 48,86,438865
2025,Garissa,Tablets,Product 49,694,35435
2025,Garissa,Keyboards,Product 50,792,13346
2025,Kericho,Laptops,Product 1,432,82085
2025,Kericho,Monitors,Product 2,872,340669
2025,Kericho,Printers,Product 3,246,45634
2025,Kericho,Tablets,Product 4,734,89183
2025,Kericho,Keyboards,Product 5,19,124672
2025,Kericho,Mice,Product 6,527,249080
2025,Kericho,Networking,Product 7,392,41693
2025,Kericho,Storage,Product 8,642,344353
2025,Kericho,Software,Product 9,692,499634
2025,Kericho,Security,Product 10,641,488544
2025,Kericho,Accessories,Product 11,504,355654
2025,Kericho,Servers,Product 12,509,18247
2025,Kericho,Cameras,Product 13,16,289032
2025,Kericho,Audio,Product 14,574,225659
2025,Kericho,Smart Devices,Product 15,22,18769
2025,Kericho,Laptops,Product 16,552,388636
2025,Kericho,Monitors,Product 17,291,290881
2025,Kericho,Printers,Product 18,303,18987
2025,Kericho,Tablets,Product 19,524,436328
2025,Kericho,Keyboards,Product 20,724,363387
2025,Kericho,Mice,Product 21,450,432664
2025,Kericho,Networking,Product 22,972,486983
2025,Kericho,Storage,Product 23,193,66107
2025,Kericho,Software,Product 24,950,60496
2025,Kericho,Security,Product 25,546,88065
2025,Kericho,Accessories,Product 26,256,110627
2025,Kericho,Servers,Product 27,644,286014
2025,Kericho,Cameras,Product 28,268,437407
2025,Kericho,Audio,Product 29,372,150155
2025,Kericho,Smart Devices,Product 30,824,218088
2025,Kericho,Laptops,Product 31,90,205586
2025,Kericho,Monitors,Product 32,992,222875
2025,Kericho,Printers,Product 33,480,306223
2025,Kericho,Tablets,Product 34,259,375552
2025,Kericho,Keyboards,Product 35,241,167273
2025,Kericho,Mice,Product 36,710,444143
2025,Kericho,Networking,Product 37,878,52266
2025,Kericho,Storage,Product 38,679,459954
2025,Kericho,Software,Product 39,675,408241
2025,Kericho,Security,Product 40,42,59021
2025,Kericho,Accessories,Product 41,425,208843
2025,Kericho,Servers,Product 42,396,299774
2025,Kericho,Cameras,Product 43,497,39420
2025,Kericho,Audio,Product 44,662,14954
2025,Kericho,Smart Devices,Product 45,729,99854
2025,Kericho,Laptops,Product 46,94,272069
2025,Kericho,Monitors,Product 47,875,237493
2025,Kericho,Printers,Product 48,670,421239
2025,Kericho,Tablets,Product 49,349,306671
2025,Kericho,Keyboards,Product 50,888,59997
2025,Embu,Laptops,Product 1,926,286907
2025,Embu,Monitors,Product 2,951,32309
2025,Embu,Printers,Product 3,245,120843
2025,Embu,Tablets,Product 4,932,465143
2025,Embu,Keyboards,Product 5,718,475334
2025,Embu,Mice,Product 6,590,259299
2025,Embu,Networking,Product 7,287,34411
2025,Embu,Storage,Product 8,956,48979
2025,Embu,Software,Product 9,710,495273
2025,Embu,Security,Product 10,297,481498
2025,Embu,Accessories,Product 11,566,305441
2025,Embu,Servers,Product 12,683,27250
2025,Embu,Cameras,Product 13,193,496941
2025,Embu,Audio,Product 14,880,174880
2025,Embu,Smart Devices,Product 15,26,118610
2025,Embu,Laptops,Product 16,611,85597
2025,Embu,Monitors,Product 17,780,440278
2025,Embu,Printers,Product 18,739,440389
2025,Embu,Tablets,Product 19,417,496997
2025,Embu,Keyboards,Product 20,88,166907
2025,Embu,Mice,Product 21,176,305676
2025,Embu,Networking,Product 22,256,307111
2025,Embu,Storage,Product 23,864,455352
2025,Embu,Software,Product 24,408,364961
2025,Embu,Security,Product 25,928,293410
2025,Embu,Accessories,Product 26,349,211245
2025,Embu,Servers,Product 27,783,397839
2025,Embu,Cameras,Product 28,153,424448
2025,Embu,Audio,Product 29,715,389670
2025,Embu,Smart Devices,Product 30,90,272559
2025,Embu,Laptops,Product 31,773,191329
2025,Embu,Monitors,Product 32,64,61215
2025,Embu,Printers,Product 33,457,131710
2025,Embu,Tablets,Product 34,868,49855
2025,Embu,Keyboards,Product 35,358,327282
2025,Embu,Mice,Product 36,797,331842
2025,Embu,Networking,Product 37,987,322270
2025,Embu,Storage,Product 38,416,415565
2025,Embu,Software,Product 39,344,25532
2025,Embu,Security,Product 40,659,153302
2025,Embu,Accessories,Product 41,812,246218
2025,Embu,Servers,Product 42,512,129610
2025,Embu,Cameras,Product 43,374,299951
2025,Embu,Audio,Product 44,973,206831
2025,Embu,Smart Devices,Product 45,452,107380
2025,Embu,Laptops,Product 46,706,317167
2025,Embu,Monitors,Product 47,686,209267
2025,Embu,Printers,Product 48,97,414838
2025,Embu,Tablets,Product 49,643,164863
2025,Embu,Keyboards,Product 50,827,139210
